"number","occurrences","first_line","first_title","last_line"
"1","5","426","纵身亡魔心仍不悔","121058"
"2","5","604","逆光阴五百年觉悟","121210"
"3","5","772","请一边玩蛋去","121422"
"4","4","906","古月方源！","121572"
"5","4","1062","人祖三蛊，希望开窍","121714"
"6","4","1178","未来的路，会很精彩","121878"
"7","5","1334","蛊师有九转，花酒留遗藏","122040"
"8","5","1448","物是人非","122192"
"9","5","1624","渐行渐远","122350"
"10","5","1778","天有不测风云，炼蛊别具艰辛","122504"
"11","4","1908","不过是色诱罢了","122656"
"12","4","2056","青竹酒香，蛊师逞威","122816"
"13","4","2234","月下竹林，一点珠雪","123004"
"14","4","2396","山缝之中藏玄机","123154"
"15","4","2574","历史由胜利者书写","123304"
"16","4","2680","尽收囊中","123468"
"17","4","2808","初炼酒虫","123616"
"18","4","2980","就让往事如烟飘散","123766"
"19","4","3194","六转本命春秋蝉！","123910"
"20","4","3328","学堂家老无语了","124044"
"21","4","3456","怎么会是哥哥得了这第一？","124174"
"22","4","3576","月刃飞舞","124342"
"23","4","3740","养蛊就像养情妇","124482"
"24","4","3928","近战蛊师","124636"
"25","4","4080","春光正明媚","124782"
"26","4","4230","一切组织的本质","124986"
"27","4","4316","公然勒索","125196"
"28","4","4454","无本生意！","125378"
"29","4","4618","不择手段","125548"
"30","4","4758","方源！你又来抢？","125672"
"31","4","4858","方源，你大祸临头了！","125828"
"32","4","4980","戏耍","126002"
"33","4","5130","你骂吧","126166"
"34","4","5262","压着你打！","126342"
"35","4","5410","你叫吧","126486"
"36","4","5560","分尸送礼！","126684"
"37","3","5702","既是妥协又是威胁","81728"
"38","3","5818","魔头在光明中行走","81894"
"39","4","6014","蛤蟆商队","195908"
"40","3","6144","紫金石中蟾蛊眠","82218"
"41","3","6278","解石","82384"
"42","3","6424","竟然真的开出了蛊？！","82564"
"43","3","6578","最后的第六块紫金石","82718"
"44","3","6692","猴儿酒，酒虫机缘不相让","82854"
"45","3","6856","洞心机，已在瓮中不自觉","82984"
"46","3","7046","杀人不要想太多","83122"
"47","3","7166","贾金生，其实我不想杀你的","83314"
"48","3","7362","有些可爱","83530"
"49","3","7554","不愁方源脱离掌控","83734"
"50","3","7712","中阶!","83922"
"51","3","7892","倒要看看你怎么解释","84120"
"52","3","8076","我的解释你只能接受","84320"
"53","3","8304","方源就任命你为班头","84528"
"54","3","8312","我可是班头啊！","84704"
"55","3","8522","要的就是你这番话","84898"
"56","3","8680","洗尽嫌疑","85064"
"57","3","8816","君子的谎言","85224"
"58","3","8980","家族里不是只有规矩","85420"
"59","3","9118","不管三转四转，都是猴子","85570"
"60","3","9242","影灭壁破现甬道，魔道传承岂易","85754"
"61","3","9394","草绳上的人生","85952"
"62","3","9554","蛊室再选蛊","86134"
"63","3","9736","月下赠玉皮，地花藏白豕","86310"
"64","3","9926","暗事好做，明事难成","86500"
"65","3","10088","还不快滚","86684"
"66","3","10260","人死如猪死","86868"
"67","3","10454","你放心，我会饶了你们的","86996"
"68","3","10584","大自然没有无辜","87154"
"69","3","10732","命贱如草","87308"
"70","4","10840","使用白豕蛊","386824"
"71","3","11014","力可扛猪思低调","87662"
"72","4","11168","任何组织都需要忠诚","87814"
"73","3","11302","神秘的红圈标记","87958"
"74","3","11476","智窥迷雾现杀机","88090"
"75","3","11632","魔道的觉悟！","88270"
"76","3","11810","后悔吗","88484"
"77","3","12006","阴差阳错","88648"
"78","4","12180","不出算计收获丰","203362"
"79","3","12334","突破遗藏第六蛊","89060"
"80","3","12520","战力大涨","89240"
"81","3","12708","二转初阶！","89412"
"82","3","12906","年末考核开始","89598"
"83","3","13070","扫强敌方正展风采","89780"
"84","3","13208","狠狠地踩踏！","89944"
"85","4","13392","热血和冷血！！","204724"
"86","3","13618","怀疑和试探","90306"
"87","3","13774","态度就是心的面具","90478"
"88","3","13916","下马威、刁难和打压","90662"
"89","3","14076","一条病蛇盘踞在脚边","90854"
"90","3","14214","不过是些许风霜罢了","91062"
"91","3","14374","方源，我们很担心你","91240"
"92","3","14562","未来遥遥在望","91414"
"93","3","14738","小兽潮","91624"
"94","3","14924","忽然收力","91826"
"95","3","15072","猪的队友","92022"
"96","3","15268","为了死去的人","92204"
"97","3","15466","魔头横行","92392"
"98","3","15642","炼蛊的艰难","92532"
"99","3","15786","是人不是神","92686"
"100","3","16038","白玉蛊","92960"
"101","3","16226","心老人便老（求订阅和月票！）","93130"
"102","3","16376","冬风吹来春天(保质量第三更)","93292"
"103","3","16532","野心一大，世界就小","93470"
"104","4","16700","想买酒虫？","208742"
"105","3","16870","我会输得很惨","93826"
"106","3","17024","半生积累成泡影，唯有本命长久存","94014"
"107","3","17214","熟能生巧掂元石，酒肆当中恶客来","94200"
"108","3","17384","那双眼睛！","94368"
"109","3","17668","树屋藏酒虫","94562"
"110","3","17854","老太婆，你太嫩了！","94754"
"111","3","18046","元石不过身外物","94918"
"112","3","18228","真是好魄力","95078"
"113","3","18412","闷声发财","95258"
"114","3","18590","洞中有猴王","95442"
"115","3","18784","晋升中阶","95596"
"116","3","18972","斩杀猴王得新蛊","95748"
"117","3","19160","苦贝酒和吞江蟾","95896"
"118","3","19328","吞江蟾的传说","96042"
"119","3","19522","此子顽劣，需要打磨","96268"
"120","3","19690","得来全不费工夫","96428"
"121","3","19958","四味酒虫","96610"
"122","3","20152","人生几多风雪","96794"
"123","3","20332","天地我在独行","96926"
"124","4","20488","我不需要理解","97796"
"125","3","20646","哦，那我认输","97224"
"126","3","20860","木魅之殇","97446"
"127","3","21054","所谓的道德和感情（大章）","97626"
"128","2","21280","严冬不肃杀，何以见阳春！","60800"
"129","3","21494","锯齿金蜈","97968"
"130","3","21670","还是族人可靠","98182"
"131","3","21876","孤独是最深邃的黑暗","98346"
"132","3","22082","三步芳草","98532"
"133","3","22292","谢谢你让我杀你","98704"
"134","3","22498","追杀","98886"
"135","3","22692","北冥冰魄，十绝天资","99088"
"136","3","22848","斗力斗智","99266"
"137","3","23040","影之殇","99494"
"138","3","23226","居然有人追着白凝冰杀？","99704"
"139","3","23426","断臂","99900"
"140","3","23604","古月青书VS白凝冰（上）","100080"
"141","3","23782","古月青书VS白凝冰（中）","100238"
"142","3","23986","古月青书VS白凝冰（下）","100416"
"143","3","24170","答案","100612"
"144","3","24392","牺牲常在，而信念不死","100822"
"145","3","24558","都鼓励牺牲","100998"
"146","3","24740","强势(第二更)","101172"
"147","3","24922","这个方源太狂妄(第三更)","101340"
"148","3","25100","局面（第一更）","101512"
"149","3","25270","群狼袭寨（第二更）","101698"
"150","3","25506","我只是帮自己（第三更）","101862"
"151","3","25736","魔性","102058"
"152","3","25932","晋升三转（第二更）","102234"
"153","3","26138","真的老了","102454"
"154","3","26328","气得吐血","102636"
"155","3","26510","借","102832"
"156","3","26680","照影秘方，花酒迷离","103026"
"157","3","26830","血月蛊","103216"
"158","3","26998","此一时彼一时","103372"
"159","3","27206","这个方源……","103562"
"160","3","27430","满堂叫好","103750"
"161","3","27624","心甘情愿被剥削","103934"
"162","3","27828","天元宝莲","104124"
"163","3","28022","雷冠头狼","104494"
"164","3","28196","激战","104686"
"165","3","28418","血滴子","104842"
"166","3","28610","二战白凝冰","105004"
"167","3","28836","第四头？！","105176"
"168","3","29058","狡电狈","105368"
"169","3","29290","寻路","105534"
"170","3","29494","铁面无私血可冷？","105690"
"171","3","29732","骨子里的魔性","105850"
"172","3","29886","非方源莫属！","106026"
"173","3","30070","白相仙蛇","106206"
"174","3","30270","小神捕","106358"
"175","3","30420","压力渐生","106512"
"176","3","30596","牺牲的觉悟","106724"
"177","3","30742","哥哥，你怎么能这样对我？！","106876"
"178","3","30896","黑白灰","107064"
"179","3","31086","历史由人书写","107348"
"180","3","31250","再看开窍大典","107580"
"181","3","31378","阴差阳错（大章）","107786"
"182","4","31602","血湖墓地","107948"
"183","3","31806","血海老祖","108148"
"184","3","31976","五转激战","108324"
"185","4","31982","古月一代，五大飞僵","108488"
"186","3","32194","春秋不出","108678"
"187","3","32200","时间长河唯一条，春秋蝉做舟来渡","109132"
"188","4","32358","前人开道后人跑路","109442"
"189","3","32554","惊变","109640"
"190","3","32736","三战白凝冰","109842"
"191","3","32950","鹤灾","110018"
"192","4","33152","扬眉吐气","110228"
"193","4","33292","神捕后手","110428"
"194","4","33470","血幕天华","110622"
"195","4","33642","那就让我成魔","110806"
"196","4","33790","再次重生","110964"
"197","3","33990","改命","111164"
"198","3","34198","杀人放血心狠，因祸得福手辣！","111334"
"199","3","34410","走向各自的命运","111512"
"200","2","73900","春秋蝉！","111700"
"201","2","74080","人生匆匆百年，不过一场豪赌！","112024"
"202","2","74252","再度决战","112230"
"203","2","74432","一切皆在我掌控之中","112418"
"204","2","74632","白凝冰，你演够了吗？","112626"
"205","2","74816","再炼仙蛊！","112886"
"206","2","75004","今日暂且展翼去，明朝登仙笞凤凰！","113086"
"207","1","113292","蒙蔽地灵","113292"
"208","1","113496","身份暴露","113496"
"209","1","113662","天外之魔！","113662"
"210","1","113834","我们是同门师兄弟！","113834"
"211","1","114084","复原荡魂山","114084"
"212","1","114352","鸿运之因","114352"
"213","1","114516","大力真武体","114516"
"214","1","114734","鸿运之威","114734"
"215","1","114942","自己阻止自己？","114942"
"216","1","115172","对战黑楼兰","115172"
"217","1","115444","抓住最大的破绽！","115444"
"218","1","115686","炼化八十八角真阳楼","115686"
"219","1","115896","阴险无耻小人！","115896"
"220","1","116084","还有后手","116084"
"221","1","116326","升仙！","116326"
"222","1","116578","十大凶灾乱歧牙","116578"
"223","1","116776","枭雄黑楼兰","116776"
"224","1","116978","无相手","116978"
"225","1","117196","混乱危局","117196"
"226","1","117434","发财","117434"
"227","1","117668","痛并快乐着","117668"
"228","1","117876","终成蛊仙","117876"
"229","1","118104","大同风幕","118104"
"230","1","118316","重大抉择","118316"
"231","1","118496","惊变","118496"
"232","1","118714","大惊变","118714"
"233","1","118926","不肖子孙","118926"
"234","1","119134","巨阳逞威，方源得助","119134"
"235","1","119314","方源VS巨阳意志","119314"
"236","1","119482","方源VS巨阳意志（续）","119482"
"237","1","119692","三八封禁术","119692"
"238","1","119866","最后的底牌","119866"
"239","1","120074","不犯同样的错误(上)","120074"
"240","1","120186","不犯同样的错误（下）","120186"
"241","1","120268","人生路","120268"
"242","1","120470","答案就在己身！","120470"
"243","1","120682","枭雄","120682"
"244","1","120866","双魔","120866"
"255","1","237672","脚踹八转大能：","237672"
"256","1","237884","小人的坚持：","237884"
"261","1","165164","修为低也有好处：","165164"
"263","1","239270","逆流河太古秘辛：","239270"
"270","1","240798","影宗方源和谈？：","240798"
"274","1","167914","百日大战落幕：","167914"
"276","1","168316","弃此残躯换清风：","168316"
"288","1","170712","多重复合蛊阵：","170712"
"292","1","171536","方源谋划：","171536"
"306","1","174456","蓝：","174456"
"308","1","174982","威凌天地：","174982"
"445","1","274432","难怪方源看不上我：","274432"
"467","1","278346","香消玉殒：","278346"
"468","1","278504","搜刮战利品：","278504"
"533","2","289108","四千年寿蛊！：","289398"
"534","2","289266","炼道真意：","289554"
