"heading_id","line","number_text","number","title","flags","end_line","content_characters","contains_author_ps","duplicate_title"
"1","426","一","1","纵身亡魔心仍不悔","","603","3570","True","False"
"2","604","二","2","逆光阴五百年觉悟","","771","3488","False","False"
"3","772","三","3","请一边玩蛋去","","905","2528","False","False"
"4","906","四","4","古月方源！","","1061","3273","False","False"
"5","1062","五","5","人祖三蛊，希望开窍","","1177","2308","False","False"
"6","1178","六","6","未来的路，会很精彩","","1333","2727","True","False"
"7","1334","七","7","蛊师有九转，花酒留遗藏","","1447","2956","False","False"
"8","1448","八","8","物是人非","","1623","3442","False","False"
"9","1624","九","9","渐行渐远","","1777","3374","False","False"
"10","1778","十","10","天有不测风云，炼蛊别具艰辛","","1907","3037","True","False"
"11","1908","十一","11","不过是色诱罢了","","2055","3074","False","False"
"12","2056","十二","12","青竹酒香，蛊师逞威","","2233","3674","False","False"
"13","2234","十三","13","月下竹林，一点珠雪","","2395","2965","False","False"
"14","2396","十四","14","山缝之中藏玄机","","2573","3423","False","False"
"15","2574","十五","15","历史由胜利者书写","","2679","2331","False","False"
"16","2680","十六","16","尽收囊中","","2807","2611","False","False"
"17","2808","十七","17","初炼酒虫","","2979","3472","False","False"
"18","2980","十八","18","就让往事如烟飘散","","3193","4931","True","False"
"19","3194","十九","19","六转本命春秋蝉！","","3327","2701","False","False"
"20","3328","二十","20","学堂家老无语了","","3455","2687","False","False"
"21","3456","二十一","21","怎么会是哥哥得了这第一？","","3575","2649","False","False"
"22","3576","二十二","22","月刃飞舞","","3739","3737","False","False"
"23","3740","二十三","23","养蛊就像养情妇","","3927","3746","False","False"
"24","3928","二十四","24","近战蛊师","","4079","3271","False","False"
"25","4080","二十五","25","春光正明媚","","4229","2695","False","False"
"26","4230","二十六","26","一切组织的本质","","4315","2369","False","False"
"27","4316","二十七","27","公然勒索","","4453","2415","False","False"
"28","4454","二十八","28","无本生意！","","4617","3666","True","False"
"29","4618","二十九","29","不择手段","","4757","2980","False","False"
"30","4758","三十","30","方源！你又来抢？","","4857","2322","False","False"
"31","4858","三十一","31","方源，你大祸临头了！","","4979","2904","False","False"
"32","4980","三十二","32","戏耍","","5129","3120","False","False"
"33","5130","三十三","33","你骂吧","","5261","2923","False","False"
"34","5262","三十四","34","压着你打！","","5409","2812","True","False"
"35","5410","三十五","35","你叫吧","","5559","2668","True","False"
"36","5560","三十六","36","分尸送礼！","","5701","2696","False","False"
"37","5702","三十七","37","既是妥协又是威胁","","5817","3282","False","False"
"38","5818","三十八","38","魔头在光明中行走","","6013","4672","True","False"
"39","6014","三十九","39","蛤蟆商队","","6143","2885","False","False"
"40","6144","四十","40","紫金石中蟾蛊眠","","6277","3117","False","False"
"41","6278","四十一","41","解石","","6423","2734","False","False"
"42","6424","四十二","42","竟然真的开出了蛊？！","","6577","3254","False","False"
"43","6578","四十三","43","最后的第六块紫金石","","6691","2419","False","False"
"44","6692","四十四","44","猴儿酒，酒虫机缘不相让","","6855","3474","False","False"
"45","6856","四十五","45","洞心机，已在瓮中不自觉","","7045","4323","True","False"
"46","7046","四十六","46","杀人不要想太多","","7165","2973","False","False"
"47","7166","四十七","47","贾金生，其实我不想杀你的","","7361","4230","False","False"
"48","7362","四十八","48","有些可爱","","7553","4028","True","False"
"49","7554","四十九","49","不愁方源脱离掌控","","7711","2935","False","False"
"50","7712","五十","50","中阶!","","7891","3625","False","False"
"51","7892","五十一","51","倒要看看你怎么解释","","8075","2965","True","False"
"52","8076","五十二","52","我的解释你只能接受","","8303","4398","True","False"
"53","8304","五十三","53","方源就任命你为班头","","8311","2946","False","False"
"54","8312","五十四","54","我可是班头啊！","","8521","3737","False","False"
"55","8522","五十五","55","要的就是你这番话","","8679","3533","False","False"
"56","8680","五十六","56","洗尽嫌疑","","8815","3342","False","False"
"57","8816","五十七","57","君子的谎言","","8979","3355","False","False"
"58","8980","五十八","58","家族里不是只有规矩","","9117","3721","False","False"
"59","9118","五十九","59","不管三转四转，都是猴子","","9241","2886","True","False"
"60","9242","六十","60","影灭壁破现甬道，魔道传承岂易","","9393","2919","False","False"
"61","9394","六十一","61","草绳上的人生","","9553","3120","False","False"
"62","9554","六十二","62","蛊室再选蛊","","9735","3560","False","False"
"63","9736","六十三","63","月下赠玉皮，地花藏白豕","","9925","4005","True","False"
"64","9926","六十四","64","暗事好做，明事难成","","10087","3117","False","False"
"65","10088","六十五","65","还不快滚","","10259","3428","False","False"
"66","10260","六十六","66","人死如猪死","","10453","3052","False","False"
"67","10454","六十七","67","你放心，我会饶了你们的","","10583","3300","True","False"
"68","10584","六十八","68","大自然没有无辜","","10731","2937","False","False"
"69","10732","六十九","69","命贱如草","","10839","2858","False","False"
"70","10840","七十","70","使用白豕蛊","","11013","3351","False","False"
"71","11014","七十一","71","力可扛猪思低调","","11167","3559","False","False"
"72","11168","七十二","72","任何组织都需要忠诚","","11301","3097","True","False"
"73","11302","七十三","73","神秘的红圈标记","","11475","3292","False","False"
"74","11476","七十四","74","智窥迷雾现杀机","","11631","3742","False","False"
"75","11632","七十五","75","魔道的觉悟！","","11809","3560","False","False"
"76","11810","七十六","76","后悔吗","","12005","3265","False","False"
"77","12006","七十七","77","阴差阳错","","12179","3531","False","False"
"78","12180","七十八","78","不出算计收获丰","","12333","3455","False","False"
"79","12334","七十九","79","突破遗藏第六蛊","","12519","3535","False","False"
"80","12520","八十","80","战力大涨","","12707","3253","False","False"
"81","12708","八十一","81","二转初阶！","","12905","3867","False","False"
"82","12906","八十二","82","年末考核开始","","13069","3200","False","False"
"83","13070","八十三","83","扫强敌方正展风采","","13207","2961","False","False"
"84","13208","八十四","84","狠狠地踩踏！","","13391","3052","False","False"
"85","13392","八十五","85","热血和冷血！！","","13617","3236","False","False"
"86","13618","八十六","86","怀疑和试探","","13773","3463","True","False"
"87","13774","八十七","87","态度就是心的面具","","13915","2770","False","False"
"88","13916","八十八","88","下马威、刁难和打压","","14075","3133","True","False"
"89","14076","八十九","89","一条病蛇盘踞在脚边","","14213","3028","False","False"
"90","14214","九十","90","不过是些许风霜罢了","","14373","3674","True","False"
"91","14374","九十一","91","方源，我们很担心你","","14561","3797","False","False"
"92","14562","九十二","92","未来遥遥在望","","14737","3536","True","False"
"93","14738","九十三","93","小兽潮","","14923","3642","True","False"
"94","14924","九十四","94","忽然收力","","15071","2927","False","False"
"95","15072","九十五","95","猪的队友","","15267","3519","False","False"
"96","15268","九十六","96","为了死去的人","","15465","3899","False","False"
"97","15466","九十七","97","魔头横行","","15641","3206","False","False"
"98","15642","九十八","98","炼蛊的艰难","","15785","3353","False","False"
"99","15786","九十九","99","是人不是神","","16037","4532","False","False"
"100","16038","一百","100","白玉蛊","","16225","3488","False","False"
"101","16226","一百零一","101","心老人便老（求订阅和月票！）","author_or_site","16375","3635","False","False"
"102","16376","一百零二","102","冬风吹来春天(保质量第三更)","","16531","3551","True","False"
"103","16532","一百零三","103","野心一大，世界就小","","16699","3732","True","False"
"104","16700","一百零四","104","想买酒虫？","","16869","3684","True","False"
"105","16870","一百零五","105","我会输得很惨","","17023","3835","True","False"
"106","17024","一百零六","106","半生积累成泡影，唯有本命长久存","","17213","3791","True","False"
"107","17214","一百零七","107","熟能生巧掂元石，酒肆当中恶客来","","17383","3576","True","False"
"108","17384","一百零八","108","那双眼睛！","","17667","4980","False","False"
"109","17668","一百零九","109","树屋藏酒虫","","17853","3554","False","False"
"110","17854","一百一十","110","老太婆，你太嫩了！","","18045","3811","False","False"
"111","18046","一百一十一","111","元石不过身外物","","18227","3839","False","False"
"112","18228","一百一十二","112","真是好魄力","","18411","3899","False","False"
"113","18412","一百一十三","113","闷声发财","","18589","3622","False","False"
"114","18590","一百一十四","114","洞中有猴王","","18783","3594","True","False"
"115","18784","一百一十五","115","晋升中阶","","18971","3459","False","False"
"116","18972","一百一十六","116","斩杀猴王得新蛊","","19159","3491","False","False"
"117","19160","一百一十七","117","苦贝酒和吞江蟾","","19327","3550","False","False"
"118","19328","一百一十八","118","吞江蟾的传说","","19521","3773","False","False"
"119","19522","一百一十九","119","此子顽劣，需要打磨","","19689","3567","False","False"
"120","19690","一百二十","120","得来全不费工夫","","19957","4471","False","False"
"121","19958","一百二十一","121","四味酒虫","","20151","4014","True","False"
"122","20152","一百二十二","122","人生几多风雪","","20331","3670","True","False"
"123","20332","一百二十三","123","天地我在独行","","20487","3656","True","False"
"124","20488","一百二十四","124","我不需要理解","","20645","3498","False","False"
"125","20646","一百二十五","125","哦，那我认输","","20859","3614","False","False"
"126","20860","一百二十六","126","木魅之殇","","21053","3645","False","False"
"127","21054","一百二十七","127","所谓的道德和感情（大章）","","21279","4857","False","False"
"128","21280","一百二十八","128","严冬不肃杀，何以见阳春！","","21493","3645","True","False"
"129","21494","一百二十九","129","锯齿金蜈","","21669","3452","False","False"
"130","21670","一百三十","130","还是族人可靠","","21875","3741","True","False"
"131","21876","一百三十一","131","孤独是最深邃的黑暗","","22081","3761","False","False"
"132","22082","一百三十二","132","三步芳草","","22291","3476","False","False"
"133","22292","一百三十三","133","谢谢你让我杀你","","22497","3916","False","False"
"134","22498","一百三十四","134","追杀","","22691","3450","False","False"
"135","22692","一百三十五","135","北冥冰魄，十绝天资","","22847","3882","False","False"
"136","22848","一百三十六","136","斗力斗智","","23039","3568","False","False"
"137","23040","一百三十七","137","影之殇","","23225","3548","False","False"
"138","23226","一百三十八","138","居然有人追着白凝冰杀？","","23425","3649","False","False"
"139","23426","一百三十九","139","断臂","","23603","4119","True","False"
"140","23604","一百四十","140","古月青书VS白凝冰（上）","","23781","3455","False","False"
"141","23782","一百四十一","141","古月青书VS白凝冰（中）","","23985","3595","False","False"
"142","23986","一百四十二","142","古月青书VS白凝冰（下）","","24169","3491","True","False"
"143","24170","一百四十三","143","答案","","24391","3538","True","False"
"144","24392","一百四十四","144","牺牲常在，而信念不死","","24557","3622","True","False"
"145","24558","一百四十五","145","都鼓励牺牲","","24739","3883","True","False"
"146","24740","一百四十六","146","强势(第二更)","","24921","3680","False","False"
"147","24922","一百四十七","147","这个方源太狂妄(第三更)","","25099","3792","False","False"
"148","25100","一百四十八","148","局面（第一更）","","25269","3558","True","False"
"149","25270","一百四十九","149","群狼袭寨（第二更）","","25505","3923","True","False"
"150","25506","一百五十","150","我只是帮自己（第三更）","","25735","3908","True","False"
"151","25736","一百五十一","151","魔性","","25931","3460","True","False"
"152","25932","一百五十二","152","晋升三转（第二更）","","26137","3578","True","False"
"153","26138","一百五十三","153","真的老了","","26327","3648","True","False"
"154","26328","一百五十四","154","气得吐血","","26509","3680","True","False"
"155","26510","一百五十五","155","借","","26679","3457","True","False"
"156","26680","一百五十六","156","照影秘方，花酒迷离","","26829","3465","True","False"
"157","26830","一百五十七","157","血月蛊","","26997","3549","True","False"
"158","26998","一百五十八","158","此一时彼一时","","27205","3902","True","False"
"159","27206","一百五十九","159","这个方源……","","27429","3909","True","False"
"160","27430","一百六十","160","满堂叫好","","27623","3563","True","False"
"161","27624","一百六十一","161","心甘情愿被剥削","","27827","3716","True","False"
"162","27828","一百六十二","162","天元宝莲","","28021","3577","True","False"
"163","28022","一百六十三","163","雷冠头狼","","28195","3461","True","False"
"164","28196","一百六十四","164","激战","","28417","3650","True","False"
"165","28418","一百六十五","165","血滴子","","28609","3670","True","False"
"166","28610","一百六十六","166","二战白凝冰","","28835","3606","True","False"
"167","28836","一百六十七","167","第四头？！","","29057","3630","True","False"
"168","29058","一百六十八","168","狡电狈","","29289","3770","True","False"
"169","29290","一百六十九","169","寻路","","29493","3880","True","False"
"170","29494","一百七十","170","铁面无私血可冷？","","29731","3918","True","False"
"171","29732","一百七十一","171","骨子里的魔性","","29885","3504","True","False"
"172","29886","一百七十二","172","非方源莫属！","","30069","3569","True","False"
"173","30070","一百七十三","173","白相仙蛇","","30269","3590","True","False"
"174","30270","一百七十四","174","小神捕","","30419","3414","False","False"
"175","30420","一百七十五","175","压力渐生","","30595","3453","True","False"
"176","30596","一百七十六","176","牺牲的觉悟","","30741","3499","False","False"
"177","30742","一百七十七","177","哥哥，你怎么能这样对我？！","","30895","3407","False","False"
"178","30896","一百七十八","178","黑白灰","","31085","3805","False","False"
"179","31086","一百七十九","179","历史由人书写","","31249","3475","False","False"
"180","31250","一百八十","180","再看开窍大典","","31377","2617","True","False"
"181","31378","一百八十一","181","阴差阳错（大章）","","31601","4541","False","False"
"182","31602","一百八十二","182","血湖墓地","","31605","47","False","True"
"183","31606","一百八十二","182","血湖墓地","","31805","3468","True","True"
"184","31806","一百八十三","183","血海老祖","","31975","3457","False","False"
"185","31976","一百八十四","184","五转激战","","31981","168","False","False"
"186","31982","一百八十五","185","古月一代，五大飞僵","","31985","52","False","True"
"187","31986","一百八十五","185","古月一代，五大飞僵","","32193","3610","True","True"
"188","32194","一百八十六","186","春秋不出","","32199","168","False","False"
"189","32200","一百八十七","187","时间长河唯一条，春秋蝉做舟来渡","","32357","3510","True","False"
"190","32358","一百八十八","188","前人开道后人跑路","","32361","51","False","True"
"191","32362","一百八十八","188","前人开道后人跑路","","32553","3497","False","True"
"192","32554","一百八十九","189","惊变","","32735","3585","False","True"
"193","32736","一百九十","190","三战白凝冰","","32949","3584","False","False"
"194","32950","一百九十一","191","鹤灾","","33151","3747","False","False"
"195","33152","一百九十二","192","扬眉吐气","","33155","47","False","True"
"196","33156","一百九十二","192","扬眉吐气","","33291","3370","True","True"
"197","33292","一百九十三","193","神捕后手","","33295","47","False","True"
"198","33296","一百九十三","193","神捕后手","","33469","3489","True","True"
"199","33470","一百九十四","194","血幕天华","","33473","47","False","True"
"200","33474","一百九十四","194","血幕天华","","33641","3437","True","True"
"201","33642","一百九十五","195","那就让我成魔","","33645","49","False","True"
"202","33646","一百九十五","195","那就让我成魔","","33789","3360","True","True"
"203","33790","一百九十六","196","再次重生","","33793","47","False","True"
"204","33794","一百九十六","196","再次重生","","33989","3621","True","True"
"205","33990","一百九十七","197","改命","","34197","3550","False","False"
"206","34198","一百九十八","198","杀人放血心狠，因祸得福手辣！","","34409","3683","False","False"
"207","34410","一百九十九","199","走向各自的命运","","34589","3622","False","False"
"208","34590","一","1","黄龙江上竹筏倾","","34593","46","False","True"
"209","34594","一","1","黄龙江上竹筏倾","","34773","3621","True","True"
"210","34774","二","2","浅滩休整借蛊虫","","34777","46","False","True"
"211","34778","二","2","浅滩休整借蛊虫","","34959","3610","True","True"
"212","34960","三","3","鳄杀机少女悲鸣","","34963","46","False","True"
"213","34964","三","3","鳄杀机少女悲鸣","","35141","3473","True","True"
"214","35142","四","4","各怀异志","","35333","3506","False","False"
"215","35334","五","5","背甲蛊和鳄力蛊","","35529","3478","False","False"
"216","35530","六","6","夜宿树冠","","35715","3545","False","False"
"217","35716","七","7","成为主导者","","35719","44","False","True"
"218","35720","七","7","成为主导者","","35907","3489","True","True"
"219","35908","八","8","轩辕神鸡","","35911","43","False","True"
"220","35912","八","8","轩辕神鸡","","36081","3450","True","True"
"221","36082","九","9","奔逃","","36085","41","False","True"
"222","36086","九","9","奔逃","","36305","3657","True","True"
"223","36306","十","10","遭遇魔道蛊师","","36309","45","False","True"
"224","36310","十","10","遭遇魔道蛊师","","36505","3534","True","True"
"225","36506","十一","11","谋划","","36663","3530","False","False"
"226","36664","十二","12","路","","36983","6180","False","False"
"227","36984","十三","13","猴脑美食","","37179","3574","False","False"
"228","37180","十四","14","坑","","37365","3489","False","False"
"229","37366","十五","15","轰！","","37599","4096","False","False"
"230","37600","十六","16","方源落泪","","37785","3504","False","False"
"231","37786","十七","17","青铜舍利蛊","","37949","3479","False","False"
"232","37950","十八","18","授人以柄","","38139","3496","False","False"
"233","38140","十九","19","演得好一场戏","","38319","3501","False","False"
"234","38320","二十","20","跋涉白骨山","","38507","3787","False","False"
"235","38508","二十一","21","原来是魔道贼子！","","38715","3696","False","False"
"236","38716","二十二","22","欢迎来到白骨山","","38939","3555","False","False"
"237","38940","二十三","23","白骨传承（上）","","39151","3851","False","False"
"238","39152","二十四","24","白骨传承（中）","","39385","3681","False","False"
"239","39386","二十五","25","白骨传承（下）","","39553","3525","False","False"
"240","39554","二十六","26","玉骨铁骨","","39771","3580","True","False"
"241","39772","二十七","27","骨肉团圆","","40043","4884","False","False"
"242","40044","二十八","28","无足鸟啊，振翅高飞吧！","","40427","5538","False","False"
"243","40428","二十九","29","幽豹殉情","","40617","3748","False","False"
"244","40618","三十","30","村庄休整","","40795","3458","False","False"
"245","40796","三十一","31","合作修行","","40985","3517","False","False"
"246","40986","三十二","32","修行得上瘾了！","","41167","3463","False","False"
"247","41168","三十三","33","换骨剧痛","","41347","3615","False","False"
"248","41348","三十四","34","深深的误会","","41545","3476","False","False"
"249","41546","三十五","35","通缉令","","41739","3685","False","False"
"250","41740","三十六","36","商心慈","","41941","3712","False","False"
"251","41942","三十七","37","好人会有好报？","","42127","3559","False","False"
"252","42128","三十八","38","揍人","","42385","3697","True","False"
"253","42386","三十九","39","小姐救命！","","42615","3659","False","False"
"254","42616","四十","40","匪猴山","","42799","3494","False","False"
"255","42800","四十一","41","掰手腕","","43005","3594","True","False"
"256","43006","四十二","42","黄金山","","43191","3515","False","False"
"257","43192","四十三","43","聪明人的默契","","43355","3772","True","False"
"258","43356","四十四","44","送到嘴边的肥肉","","43531","3697","False","False"
"259","43532","四十五","45","近乎讹诈","","43685","3432","False","False"
"260","43686","四十六","46","二转高阶","","43875","3484","False","False"
"261","43876","四十七","47","被发现","","44091","3589","True","False"
"262","44092","四十八","48","白羽飞象","","44315","3639","True","False"
"263","44316","四十九","49","力所能及就可心安理得","","44539","4014","False","False"
"264","44540","五十","50","滴水之恩，当涌泉相报！","","44727","3659","False","False"
"265","44728","五十一","51","果然是魔道蛊师！","","44937","3587","False","False"
"266","44938","五十二","52","子不教父之过!","","45181","3757","False","False"
"267","45182","五十三","53","唯有实力，才是一切","","45359","3781","True","False"
"268","45360","五十四","54","死的才干净","","45571","3741","False","False"
"269","45572","五十五","55","尸群来袭","","45779","3587","False","False"
"270","45780","五十六","56","丁浩，你给我出来！","","45977","3623","True","False"
"271","45978","五十七","57","原来你是大师兄","","46131","3534","False","False"
"272","46132","五十八","58","背后一枪","","46437","5753","False","False"
"273","46438","五十九","59","计划中的分别","","46619","3516","False","False"
"274","46620","六十","60","父女相认","","46823","3547","False","False"
"275","46824","六十一","61","各有算计","","47007","3487","False","False"
"276","47008","六十二","62","商家内城","","47237","3620","True","False"
"277","47238","六十三","63","卖不出去","","47433","3602","False","False"
"278","47434","六十四","64","接见","","47601","3526","False","False"
"279","47602","六十五","65","糟糕透顶！","","47785","3499","True","False"
"280","47786","六十六","66","刀光对骨枪","","47973","3559","False","False"
"281","47974","六十七","67","我名叫方正","","48151","3602","False","False"
"282","48152","六十八","68","大大低估了方源的无耻","","48317","3430","True","False"
"283","48318","六十九","69","暴富","","48527","3730","True","False"
"284","48528","七十","70","家宴","","48707","3593","True","False"
"285","48708","七十一","71","商燕飞的酬谢","","48917","3680","True","False"
"286","48918","七十二","72","紫荆令牌（二合一大章）","","49265","6934","True","False"
"287","49266","七十二","72","紫荆令牌","","49611","6930","False","False"
"288","49612","七十三","73","新盟约","","49807","3590","False","False"
"289","49808","七十四","74","晋升三转","","50003","3639","False","False"
"290","50004","七十五","75","活宝门","","50181","3494","False","False"
"291","50182","七十六","76","力道和冰道","","50337","3465","True","False"
"292","50338","七十七","77","星辰石","","50501","3542","True","False"
"293","50502","七十八","78","谨慎和忍耐","","50719","3554","True","False"
"294","50720","七十九","79","何等天真！","","50925","3786","True","False"
"295","50926","八十","80","这就动手？!","","51123","3596","True","False"
"296","51124","八十一","81","剑影蛊（两章合一）","","51457","6972","True","False"
"297","51458","八十二","82","熊力虚影","","51691","3556","True","False"
"298","51692","八十三","83","灵光一闪蛊","","51877","3611","True","False"
"299","51878","八十四","84","得手","","52087","3567","True","False"
"300","52088","八十五","85","一，二，五","","52287","3563","True","False"
"301","52288","八十六","86","全力以赴蛊","","52447","3423","False","False"
"302","52448","八十七","87","牛刀小试先一场","","52631","3536","True","False"
"303","52632","八十八","88","名声蛊","","52825","3607","False","False"
"304","52826","八十九","89","力道修行有玄机","","53081","3842","False","False"
"305","53082","九十","90","不能阻挡我","","53269","3511","False","False"
"306","53270","九十一","91","方源vs李好（上）","","53503","3594","True","False"
"307","53504","九十二","92","方源vs李好（下）","","53785","4208","True","False"
"308","53786","九十三","93","法则碎片，大道之痕","","53979","3714","True","False"
"309","53980","九十四","94","苍天无眼啊","","54187","3530","True","False"
"310","54188","九十五","95","罪犯必要严惩！","","54349","3490","False","False"
"311","54350","九十六","96","其实，我也是受害者","","54523","3582","True","False"
"312","54524","九十七","97","拍卖会","","54743","3678","True","False"
"313","54744","九十八","98","一蹴而就蛊","","54961","3704","True","False"
"314","54962","九十九","99","白凝冰vs铁刀苦","","55195","3797","True","False"
"315","55196","一百","100","闭嘴，你这头肥猪！","","55389","3644","False","False"
"316","55390","一百零一","101","方源vs朱八（上）","","55639","3652","False","False"
"317","55640","一百零二","102","方源vs朱八（下）","","55831","3507","False","False"
"318","55832","一百零三","103","铁若男","","56005","3436","False","False"
"319","56006","一百零四","104","真想扼杀掉","","56165","3505","False","False"
"320","56166","一百零五","105","苦力蛊","","56381","3698","True","False"
"321","56382","一百零六","106","拍卖（上）","","56557","3643","False","False"
"322","56558","一百零七","107","拍卖（中）","","56747","3443","False","False"
"323","56748","一百零八","108","拍卖（下）","","56961","3769","False","False"
"324","56962","一百零九","109","拍卖（终）","","57171","3683","False","False"
"325","57172","一百一十","110","心慈之志","","57343","3639","True","False"
"326","57344","一百一十一","111","你这个无耻小人！","","57495","3426","True","False"
"327","57496","一百一十二","112","其实我是个善良的人","","57673","3507","True","False"
"328","57674","一百一十三","113","再到三转巅峰","","57891","3636","False","False"
"329","57892","一百一十四","114","白凝冰VS炎突","","58119","3697","True","False"
"330","58120","一百一十五","115","胜和败","","58465","5032","False","False"
"331","58466","一百一十六","116","硬气蛊","","58657","3599","True","False"
"332","58658","一百一十七","117","必胜魔心","","58883","3662","True","False"
"333","58884","一百一十八","118","方源vs巨开碑（上）","","59131","3633","True","False"
"334","59132","一百一十九","119","方源vs巨开碑（中）","","59331","3730","False","False"
"335","59332","一百二十","120","方源vs巨开碑（下）","","59579","3766","True","False"
"336","59580","一百二十一","121","一飞冲天","","59795","3596","True","False"
"337","59796","一百二十二","122","商家城喧腾","","59959","3477","True","False"
"338","59960","一百二十三","123","竞争压力","","60101","3364","False","False"
"339","60102","一百二十四","124","三王传承开启","","60307","3736","True","False"
"340","60308","一百二十五","125","大赚一笔","","60481","3517","True","False"
"341","60482","一百二十六","126","仙之福地","","60627","3623","True","False"
"342","60628","一百二十七","127","九眼酒虫","","60799","3628","True","False"
"343","60800","一百二十八","128","才貌双全，心慈风采","","60987","4720","True","False"
"344","60988","一百二十九","129","都是吃","","61167","3466","False","False"
"345","61168","一百三十","130","雄家三兄弟","","61349","3499","False","False"
"346","61350","一百三十一","131","卫德馨","","61523","3563","True","False"
"347","61524","一百三十二","132","晋升四转","","61715","3511","True","False"
"348","61716","一百三十三","133","周全的震骇","","61901","3462","True","False"
"349","61902","一百三十四","134","离开商家城","","62101","4039","True","False"
"350","62102","一百三十五","135","仙鹤门，方正","","62297","3630","True","False"
"351","62298","一百三十六","136","白狐蛊仙传承","","62455","3553","True","False"
"352","62456","一百三十七","137","英雄救美","","62627","3557","False","False"
"353","62628","一百三十八","138","见死不救","","62827","3636","False","False"
"354","62828","一百三十九","139","狐魅儿","","63011","3579","True","False"
"355","63012","一百四十","140","麻烦","","63163","3471","True","False"
"356","63164","一百四十一","141","打成肉渣","","63377","3600","True","False"
"357","63378","一百四十二","142","何等的穷凶极恶！","","63547","3457","True","False"
"358","63548","一百四十三","143","彪","","63751","3485","True","False"
"359","63752","一百四十四","144","卑劣无耻","","63981","3784","True","False"
"360","63982","一百四十五","145","有才无德","","64143","3440","True","False"
"361","64144","一百四十六","146","横冲直撞蛊","","64333","3535","True","False"
"362","64334","一百四十七","147","初入犬王传承","","64541","3487","True","False"
"363","64542","一百四十八","148","何等的奴道造诣！","","64737","3527","True","False"
"364","64738","一百四十九","149","菊花秋田犬","","64931","3518","True","False"
"365","64932","一百五十","150","大电文狗","","65147","3796","False","False"
"366","65148","一百五十一","151","狗胆蛊","","65323","3438","True","False"
"367","65324","一百五十二","152","一心多用蛊","","65527","3613","True","False"
"368","65528","一百五十三","153","随手杀了","","65717","3482","True","False"
"369","65718","一百五十四","154","雷猪、岩鳄","","65889","3532","True","False"
"370","65890","一百五十五","155","古铜皮蛊","","66051","3484","True","False"
"371","66052","一百五十六","156","易火的招揽","","66209","3524","False","False"
"372","66210","一百五十七","157","身上有毛的人","","66433","3616","True","False"
"373","66434","一百五十八","158","毛民的传说","","66619","3502","True","False"
"374","66620","一百五十九","159","新底牌","","66809","3486","True","False"
"375","66810","一百六十","160","拦截","","66977","3496","True","False"
"376","66978","一百六十一","161","以一对七(上)","","67199","3629","True","False"
"377","67200","一百六十二","162","以一对七(中)","","67395","3519","True","False"
"378","67396","一百六十三","163","以一对七(下)","","67551","3453","True","False"
"379","67552","一百六十四","164","以一对七(终)","","67731","3520","True","False"
"380","67732","一百六十五","165","声名大噪！","","67919","3732","False","False"
"381","67920","一百六十六","166","狐仙福地开启","","68089","3464","False","False"
"382","68090","一百六十七","167","地灵","","68211","3485","False","False"
"383","68212","一百六十八","168","这年头干爹不好当","","68361","3457","True","False"
"384","68362","一百六十九","169","撕了童子","","68551","3546","False","False"
"385","68552","一百七十","170","魔道的觉悟","","68719","3467","False","False"
"386","68720","一百七十一","171","铁家的荣耀","","68881","3776","True","False"
"387","68882","一百七十二","172","且让他飞得再高些","","69039","3471","True","False"
"388","69040","一百七十三","173","地灵——蛊仙之殇","","69195","3670","True","False"
"389","69196","一百七十四","174","五转大战","","69373","3547","True","False"
"390","69374","一百七十五","175","福地有灾劫","","69521","3395","True","False"
"391","69522","一百七十六","176","群雄并现","","69707","3603","True","False"
"392","69708","一百七十七","177","方源主动寻死","","69907","3717","True","False"
"393","69908","一百七十八","178","炼仙蛊！","","70101","3563","True","False"
"394","70102","一百七十九","179","他死了","","70347","4857","True","False"
"395","70348","一百八十","180","一切皆在谋算中","","70511","3724","True","False"
"396","70512","一百八十一","181","屠戮五转","","70707","3610","True","False"
"397","70708","一百八十二","182","都要死！","","70871","3412","True","False"
"398","70872","一百八十三","183","继续杀","","71045","3441","True","False"
"399","71046","一百八十四","184","宇宙奥义，红莲魔尊","","71183","3642","True","False"
"400","71184","一百八十五","185","狡诈鬼医，生死秘门","","71331","3645","True","False"
"401","71332","一百八十六","186","恩怨情仇","","71459","3497","True","False"
"402","71460","一百八十七","187","他也死了","","71661","3701","True","False"
"403","71662","一百八十八","188","五转奴隶蛊","","71827","3563","True","False"
"404","71828","一百八十九","189","青天碧空，狐仙金煌","","72009","3466","True","False"
"405","72010","一百九十","190","只差最后一步","","72225","3845","True","False"
"406","72226","一百九十一","191","魔无天","","72403","3447","True","False"
"407","72404","一百九十二","192","魔道联军","","72579","3467","True","False"
"408","72580","一百九十三","193","正魔齐攻","","72753","3549","True","False"
"409","72754","一百九十四","194","群攻","","72951","3589","True","False"
"410","72952","一百九十五","195","大功告成！","","73145","3737","True","False"
"411","73146","一百九十六","196","白凝冰？","","73359","3740","True","False"
"412","73360","一百九十七","197","白凝冰！","","73511","3595","True","False"
"413","73512","一百九十八","198","战斗才刚刚开始","","73695","3711","True","False"
"414","73696","一百九十九","199","为山九仞功亏一篑","","73899","3510","True","False"
"415","73900","二百","200","春秋蝉！","","74079","3847","True","False"
"416","74080","二百零一","201","人生匆匆百年，不过一场豪赌！","","74251","3693","True","False"
"417","74252","二百零二","202","再度决战","","74431","3681","True","False"
"418","74432","二百零三","203","一切皆在我掌控之中","","74631","3484","True","False"
"419","74632","二百零四","204","白凝冰，你演够了吗？","","74815","3589","True","False"
"420","74816","二百零五","205","再炼仙蛊！","","75003","3491","True","False"
"421","75004","二百零六","206","今日暂且展翼去，明朝登仙笞凤凰！","","75383","5923","True","False"
"422","75384","一","1","凤九歌","","75539","3931","True","False"
"423","75540","二","2","仙鹤门的谋","","75663","3592","True","False"
"424","75664","三","3","方源苏醒","","75829","3634","True","False"
"425","75830","四","4","执掌福地","","75987","3460","True","False"
"426","75988","五","5","荡魂山胆石","","76151","3496","True","False"
"427","76152","六","6","未来大计","","76307","3527","True","False"
"428","76308","七","7","我喜欢你的恐惧","","76493","3653","True","False"
"429","76494","八","8","一场戏","","76661","3453","True","False"
"430","76662","九","9","上位者的良知","","76821","3464","True","False"
"431","76822","十","10","为了明天！","","77037","3735","False","False"
"432","77038","十一","11","渡地灾（上）","","77243","3611","True","False"
"433","77244","十二","12","渡地灾（下）","","77447","3631","True","False"
"434","77448","十三","13","有失有得","","77623","3589","True","False"
"435","77624","十四","14","方正的痛苦","","77783","3420","True","False"
"436","77784","十五","15","兄弟相见","","77943","3503","True","False"
"437","77944","十六","16","石人族大发展","","78121","3629","True","False"
"438","78122","十七","17","幽魂魔尊","","78309","3715","True","False"
"439","78310","十八","18","方源你这个小王八蛋！","","78469","3475","True","False"
"440","78470","十九","19","我们要屠仙","","78659","3536","True","False"
"441","78660","二十","20","仙蛊和稀泥","","78807","3404","True","False"
"442","78808","二十一","21","踏足北原","","78991","3485","True","False"
"443","78992","二十二","22","你就从了我吧","","79171","3812","True","False"
"444","79172","二十三","23","鬼脸葵海","","79359","3534","True","False"
"445","79360","二十四","24","影鸦","","79539","3420","True","False"
"446","79540","二十五","25","白骨战车","","79729","3667","True","False"
"447","79730","二十六","26","常山阴之死","","79887","3446","True","False"
"448","79888","二十七","27","人皮蛊","","80055","3518","True","False"
"449","80056","二十八","28","雪洗蛊","","80225","3567","True","False"
"450","80226","二十九","29","常山阴，做我的丈夫吧！","","80431","4051","True","False"
"451","80432","三十","30","别挡住我通往成功的路！","","80631","4162","True","False"
"452","80632","三十一","31","死在路上也丝毫不悔","","80833","3806","True","False"
"453","80834","三十二","32","风狼王","","81021","3438","True","False"
"454","81022","三十三","33","常山阴恩人","","81189","3417","True","False"
"455","81190","三十四","34","葛家营地","","81365","3774","True","False"
"456","81366","三十五","35","十年风雪两茫茫","","81527","3394","True","False"
"457","81528","三十六","36","洪福齐天马鸿运","","81727","3595","True","False"
"458","81728","三十七","37","钧力蛊","","81893","3462","True","False"
"459","81894","三十八","38","蛮家挑战","","82045","3448","True","False"
"460","82046","三十九","39","蛮家邀请","","82217","3488","True","False"
"461","82218","四十","40","修复战骨车轮","","82383","3589","True","False"
"462","82384","四十一","41","魂道蛊仙名鬼王","","82563","3603","True","False"
"463","82564","四十二","42","蛛丝马迹蛊","","82717","3416","True","False"
"464","82718","四十三","43","再获五转蛊","","82853","3427","True","False"
"465","82854","四十四","44","力量才是根本","","82983","3649","True","False"
"466","82984","四十五","45","小人之心君子之腹","","83121","3546","True","False"
"467","83122","四十六","46","龟背狼群","","83313","3698","True","False"
"468","83314","四十七","47","激战（上）","","83529","3596","True","False"
"469","83530","四十八","48","激战（中）","","83733","3492","True","False"
"470","83734","四十九","49","激战（下）","","83921","3505","True","False"
"471","83922","五十","50","夜袭","","84119","3463","True","False"
"472","84120","五十一","51","英雄的呼唤","","84319","3557","True","False"
"473","84320","五十二","52","狼王，你的援军呢？！","","84527","3809","True","False"
"474","84528","五十三","53","老族长之死","","84703","3665","True","False"
"475","84704","五十四","54","琅琊福地","","84897","3492","True","False"
"476","84898","五十五","55","古往炼道第一仙","","85063","3475","True","False"
"477","85064","五十六","56","三尊说","","85223","3553","True","False"
"478","85224","五十七","57","换蛊","","85419","3803","True","False"
"479","85420","五十八","58","方源的尴尬","","85569","3465","True","False"
"480","85570","五十九","59","不永生都是屎","","85753","3939","True","False"
"481","85754","六十","60","今夜星空真美","","85951","3711","True","False"
"482","85952","六十一","61","没有什么不能出卖的","","86133","3597","True","False"
"483","86134","六十二","62","智道","","86309","3488","True","False"
"484","86310","六十三","63","阴谋","","86499","3705","True","False"
"485","86500","六十四","64","活棋","","86683","3859","True","False"
"486","86684","六十五","65","水魔","","86867","3649","True","False"
"487","86868","六十六","66","狼王，你疯了吗！？","","86995","2456","True","False"
"488","86996","六十七","67","奴道之威!","","87153","3397","False","False"
"489","87154","六十八","68","正道英雄","","87307","3536","True","False"
"490","87308","六十九","69","投降","","87491","3621","True","False"
"491","87492","七十","70","飞跃的修为","","87661","3435","True","False"
"492","87662","七十一","71","气泡鱼","","87813","3562","True","False"
"493","87814","七十二","72","五转敛息蛊","","87957","3388","True","False"
"494","87958","七十三","73","中流砥柱","","88089","3508","True","False"
"495","88090","七十四","74","杀人的好天气","","88269","3537","True","False"
"496","88270","七十五","75","死吧，死吧","","88483","3692","True","False"
"497","88484","七十六","76","贝草川","","88647","3522","True","False"
"498","88648","七十七","77","裴燕飞","","88853","3562","True","False"
"499","88854","七十八","78","安然撤退","","89059","4020","True","False"
"500","89060","七十九","79","影响","","89239","3801","True","False"
"501","89240","八十","80","算计地灵","","89411","3685","True","False"
"502","89412","八十一","81","两仙蛊入手！","","89597","3594","True","False"
"503","89598","八十二","82","交易仙蛊","","89779","3994","True","False"
"504","89780","八十三","83","马英杰","","89943","3452","True","False"
"505","89944","八十四","84","对常山阴的议论","","90135","4067","True","False"
"506","90136","八十五","85","第二空窍！","","90305","3480","True","False"
"507","90306","八十六","86","狼群暴膨","","90477","3475","True","False"
"508","90478","八十七","87","再收异兽狼","","90661","3587","True","False"
"509","90662","八十八","88","战力激增","","90853","4020","True","False"
"510","90854","八十九","89","都给我滚","","91061","3726","True","False"
"511","91062","九十","90","灰白石板","","91239","3556","True","False"
"512","91240","九十一","91","地丘传承","","91413","3439","True","False"
"513","91414","九十二","92","墨狮狂","","91623","3523","True","False"
"514","91624","九十三","93","狼嚎声起","","91825","3527","False","False"
"515","91826","九十四","94","龟玉狼皮蛊","","92021","4129","True","False"
"516","92022","九十五","95","内外交困斩荆棘","","92203","3481","True","False"
"517","92204","九十六","96","五十万狼启战端","","92391","3548","False","False"
"518","92392","九十七","97","赵怜云","","92531","3594","False","False"
"519","92532","九十八","98","东方余亮","","92685","3590","True","False"
"520","92686","九十九","99","刺杀(大章)","","92959","5195","False","False"
"521","92960","一百","100","星念蛊","","93129","3592","False","False"
"522","93130","一百零一","101","三心合魂","","93291","3536","False","False"
"523","93292","一百零二","102","令人惊喜的盗天传承","","93469","3495","False","False"
"524","93470","一百零三","103","先挑狼王","","93633","3440","False","False"
"525","93634","一百零四","104","大手一挥","","93825","3490","False","False"
"526","93826","一百零五","105","大战","","94013","3500","True","False"
"527","94014","一百零六","106","暗漩云涡","","94199","3607","False","False"
"528","94200","一百零七","107","可靠的盟友","","94367","3479","True","False"
"529","94368","一百零八","108","七星灯","","94561","3830","False","False"
"530","94562","一百零九","109","狼王的狠辣","","94753","4522","False","False"
"531","94754","一百一十","110","东方余亮的后手","","94917","3534","False","False"
"532","94918","一百一十一","111","战功榜","","95077","3421","True","False"
"533","95078","一百一十二","112","潜魂兽衣蛊","","95257","3578","True","False"
"534","95258","一百一十三","113","扬名","","95441","3605","True","False"
"535","95442","一百一十四","114","只是一场游戏","","95595","3508","True","False"
"536","95596","一百一十五","115","偷鞋（上）","","95747","3444","True","False"
"537","95748","一百一十六","116","偷鞋（下）","","95895","3533","True","False"
"538","95896","一百一十七","117","五转功倍蛊","","96041","3459","True","False"
"539","96042","一百一十八","118","老夫太白云生","","96267","3748","True","False"
"540","96268","一百一十九","119","威望隆重功第一","","96427","3485","True","False"
"541","96428","一百二十","120","风云急变少猛将","","96609","3700","True","False"
"542","96610","一百二十一","121","修罗欧阳两败伤","","96793","3545","True","False"
"543","96794","一百二十二","122","一心求胜顾狼王","","96925","3488","True","False"
"544","96926","一百二十三","123","真武秘辛等支援","","97051","3395","True","False"
"545","97052","一百二十四","124","穿越而已仍自奋","","97223","4136","True","True"
"546","97224","一百二十五","125","为他整理容貌","","97445","5099","True","False"
"547","97446","一百二十六","126","大战（上）","","97625","3500","True","False"
"548","97626","一百二十七","127","大战（中）","","97795","3542","True","False"
"549","97796","一百二十四","124","穿越而已仍自奋","","97967","4077","True","True"
"550","97968","一百二十九","129","大战（终）","","98181","3573","True","False"
"551","98182","一百三十","130","“父子”相见","","98345","3629","True","False"
"552","98346","一百三十一","131","大决战","","98531","3967","True","False"
"553","98532","一百三十二","132","雪松子","","98703","3503","True","False"
"554","98704","一百三十三","133","挑将","","98885","3520","True","False"
"555","98886","一百三十四","134","五转巅峰！","","99087","4016","True","False"
"556","99088","一百三十五","135","以一对三！","","99265","3421","True","False"
"557","99266","一百三十六","136","四臂地王！","","99493","3550","True","False"
"558","99494","一百三十七","137","兼修两道！","","99703","3533","True","False"
"559","99704","一百三十八","138","胜局已定","","99899","4164","True","False"
"560","99900","一百三十九","139","陷害蛊仙？","","100079","3708","True","False"
"561","100080","一百四十","140","马鸿运","","100237","3485","True","False"
"562","100238","一百四十一","141","渺小者的前行","","100415","3462","True","False"
"563","100416","一百四十二","142","寻觅成功","","100611","3516","True","False"
"564","100612","一百四十三","143","幽火蟒穴藏传承","","100821","4094","True","False"
"565","100822","一百四十四","144","借力雪蝠御天青","","100997","3437","True","False"
"566","100998","一百四十五","145","诗仙陨落星鹫峰","","101171","3696","True","False"
"567","101172","一百四十六","146","好好教育","","101339","3480","True","False"
"568","101340","一百四十七","147","巨阳仙尊","","101511","3651","True","False"
"569","101512","一百四十八","148","王庭圣宫","","101697","3512","True","False"
"570","101698","一百四十九","149","谋算艰难生不易","","101861","3509","True","False"
"571","101862","一百五十","150","雪爪飞舞楼显化","","102057","3460","True","False"
"572","102058","一百五十一","151","竟是蛊仙传承！","","102233","3951","False","False"
"573","102234","一百五十二","152","三等通关可为上？","","102453","3822","True","False"
"574","102454","一百五十三","153","巨阳大局晶中宝","","102635","3550","True","False"
"575","102636","一百五十四","154","仙尊意志","","102831","3462","True","False"
"576","102832","一百五十五","155","关键问题","","103025","3744","True","False"
"577","103026","一百五十六","156","参透密语","","103215","3619","True","False"
"578","103216","一百五十七","157","贪生怕死因由何？","","103371","3533","True","False"
"579","103372","一百五十八","158","三份传承显本性","","103561","3868","False","False"
"580","103562","一百五十九","159","伟力逆流惊圣宫","","103749","3468","True","False"
"581","103750","一百六十","160","众人蜂拥各有意","","103933","3593","True","False"
"582","103934","一百六十一","161","近水楼台解玄秘","","104123","3538","True","False"
"583","104124","一百六十二","162","人生为何早有悟（六千二大章）","","104493","7144","True","False"
"584","104494","一百六十三","163","墨瑶意志","","104685","3898","True","False"
"585","104686","一百六十四","164","六臂天尸王","","104841","3431","True","False"
"586","104842","一百六十五","165","妥协","","105003","3427","True","False"
"587","105004","一百六十六","166","死不足惜","","105175","3515","True","False"
"588","105176","一百六十七","167","炼得地魁尸蛊","","105367","3516","True","False"
"589","105368","一百六十八","168","人肉试验","","105533","3621","True","False"
"590","105534","一百六十九","169","墨瑶的弱点","","105689","3846","True","False"
"591","105690","一百七十","170","再探真阳楼","","105849","3680","True","False"
"592","105850","一百七十一","171","奖励的杀招","","106025","3693","True","False"
"593","106026","一百七十二","172","公子，救我……","","106205","3515","True","False"
"594","106206","一百七十三","173","联姻","","106357","3358","True","False"
"595","106358","一百七十四","174","代理家老","","106511","3586","True","False"
"596","106512","一百七十五","175","杀招完善","","106723","4026","False","False"
"597","106724","一百七十六","176","升六角，难找试蛊之人","","106875","3422","True","False"
"598","106876","一百七十七","177","战飞熊，狼王独得五成","","107063","3505","False","False"
"599","107064","一百七十八","178","杀飞熊，最后关口生变","","107347","4773","False","False"
"600","107348","一百七十九","179","水魔陨，方源一语惊人","","107579","3774","False","False"
"601","107580","一百八十","180","终过关，方源索要仙蛊","","107785","3756","False","False"
"602","107786","一百八十一","181","演飞熊，墨瑶话虚道","","107947","3386","False","False"
"603","107948","一百八十二","182","仙凡之别差万千","","108147","4106","True","False"
"604","108148","一百八十三","183","互有阴谋各算计","","108323","3505","True","False"
"605","108324","一百八十四","184","父子羁绊真假情","","108487","3810","True","False"
"606","108488","一百八十五","185","散迫身亡不可待","","108677","3566","True","False"
"607","108678","一百八十六","186","牺牲（六千七大章）","","109131","7745","True","False"
"608","109132","一百八十七","187","影子深黑","","109441","4999","True","False"
"609","109442","一百八十八","188","力道仙蛊出现","","109639","3837","True","False"
"610","109640","一百八十九","189","计划发动！","","109841","3610","True","False"
"611","109842","一百九十","190","青藤锁关，方源暗害","","110017","3555","True","False"
"612","110018","一百九十一","191","早有准备，墨瑶惊疑","","110227","3563","True","False"
"613","110228","一百九十二","192","真传秘境，意想不到","","110427","3652","True","False"
"614","110428","一百九十三","193","三老三真传，意志可取巧","","110621","3918","True","False"
"615","110622","一百九十四","194","长生难难难","","110805","3631","True","False"
"616","110806","一百九十五","195","无上真传！","","110963","3521","True","False"
"617","110964","一百九十六","196","捡漏","","111163","3989","True","False"
"618","111164","一百九十七","197","霜玉孔雀","","111333","3601","True","False"
"619","111334","一百九十八","198","今夜无眠","","111511","3454","True","False"
"620","111512","一百九十九","199","察运蛊","","111699","3530","True","False"
"621","111700","二百","200","可怜人（大章）","","112023","6070","True","False"
"622","112024","二百零一","201","苏醒","","112229","3517","True","False"
"623","112230","二百零二","202","伏击巨阳意志","","112417","3459","True","False"
"624","112418","二百零三","203","巨阳反击","","112625","3683","True","False"
"625","112626","二百零四","204","不自由毋宁死","","112885","4275","True","False"
"626","112886","二百零五","205","胜负关键","","113085","3564","True","False"
"627","113086","二百零六","206","江山如故","","113291","3549","False","False"
"628","113292","二百零七","207","蒙蔽地灵","","113495","3795","True","False"
"629","113496","二百零八","208","身份暴露","","113661","3392","True","False"
"630","113662","二百零九","209","天外之魔！","","113833","3775","True","False"
"631","113834","二百一十","210","我们是同门师兄弟！","","114083","5277","False","False"
"632","114084","二百一十一","211","复原荡魂山","","114351","5333","False","False"
"633","114352","二百一十二","212","鸿运之因","","114515","3435","False","False"
"634","114516","二百一十三","213","大力真武体","","114733","3666","True","False"
"635","114734","二百一十四","214","鸿运之威","","114941","3593","False","False"
"636","114942","二百一十五","215","自己阻止自己？","","115171","3545","False","False"
"637","115172","二百一十六","216","对战黑楼兰","","115443","4654","False","False"
"638","115444","二百一十七","217","抓住最大的破绽！","","115685","4649","True","False"
"639","115686","二百一十八","218","炼化八十八角真阳楼","","115895","3552","True","False"
"640","115896","二百一十九","219","阴险无耻小人！","","116083","3499","True","False"
"641","116084","二百二十","220","还有后手","","116325","4320","True","False"
"642","116326","二百二十一","221","升仙！","","116577","4257","False","False"
"643","116578","二百二十二","222","十大凶灾乱歧牙","","116775","3570","True","False"
"644","116776","二百二十三","223","枭雄黑楼兰","","116977","3609","True","False"
"645","116978","二百二十四","224","无相手","","117195","3718","True","False"
"646","117196","二百二十五","225","混乱危局","","117433","3714","True","False"
"647","117434","二百二十六","226","发财","","117667","3651","False","False"
"648","117668","二百二十七","227","痛并快乐着","","117875","3591","True","False"
"649","117876","二百二十八","228","终成蛊仙","","118103","3565","True","False"
"650","118104","二百二十九","229","大同风幕","","118315","3518","False","False"
"651","118316","二百三十","230","重大抉择","","118495","3535","True","False"
"652","118496","二百三十一","231","惊变","","118713","3739","True","True"
"653","118714","二百三十二","232","大惊变","","118925","3617","True","False"
"654","118926","二百三十三","233","不肖子孙","","119133","3503","True","False"
"655","119134","二百三十四","234","巨阳逞威，方源得助","","119313","3436","True","False"
"656","119314","二百三十五","235","方源VS巨阳意志","","119481","3438","True","False"
"657","119482","二百三十六","236","方源VS巨阳意志（续）","","119691","3631","True","False"
"658","119692","二百三十七","237","三八封禁术","","119865","3453","True","False"
"659","119866","二百三十八","238","最后的底牌","","120073","3477","False","False"
"660","120074","二百三十九","239","不犯同样的错误(上)","","120185","3435","True","False"
"661","120186","二百四十","240","不犯同样的错误（下）","","120267","3308","True","False"
"662","120268","二百四十一","241","人生路","","120469","3502","True","False"
"663","120470","二百四十二","242","答案就在己身！","","120681","4042","True","False"
"664","120682","二百四十三","243","枭雄","","120865","3442","True","False"
"665","120866","二百四十四","244","双魔","","121057","3904","True","False"
"666","121058","一","1","回归狐仙福地","","121209","3498","True","False"
"667","121210","二","2","愧疚的太白云生","","121421","5022","True","False"
"668","121422","三","3","再见智慧蛊","","121571","3397","True","False"
"669","121572","四","4","破产和僵盟","","121713","3410","True","False"
"670","121714","五","5","问询墨瑶意志","","121877","3498","True","False"
"671","121878","六","6","推算蛊方","","122039","3452","True","False"
"672","122040","七","7","我要大义灭亲","","122191","3569","True","False"
"673","122192","八","8","东方长凡方寸山","","122349","3437","True","False"
"674","122350","九","9","破局难黑楼兰","","122503","3528","False","False"
"675","122504","十","10","人的肮脏","","122655","3614","True","False"
"676","122656","十一","11","雪山立盟","","122815","3406","True","False"
"677","122816","十二","12","再面泥沼蟹","","123003","3640","True","False"
"678","123004","十三","13","墨人王","","123153","3568","True","False"
"679","123154","十四","14","辨认仙蛊","","123303","3658","True","False"
"680","123304","十五","15","收获颇丰","","123467","3412","True","False"
"681","123468","十六","16","三张十成仙蛊方！","","123615","3435","True","False"
"682","123616","十七","17","巨大利润！","","123765","3386","True","False"
"683","123766","十八","18","八臂仙人春星雨","","123909","3363","True","False"
"684","123910","十九","19","星罗小仙","","124043","3346","True","False"
"685","124044","二十","20","鹤风扬之谋","","124173","3342","True","False"
"686","124174","二十一","21","冰钻星尘","","124341","3551","True","False"
"687","124342","二十二","22","封印春秋蝉","","124481","3401","True","False"
"688","124482","二十三","23","仙蛊喂养的难题","","124635","3475","True","False"
"689","124636","二十四","24","千愿树","","124781","3395","True","False"
"690","124782","二十五","25","磐石气运","","124985","3532","True","False"
"691","124986","二十六","26","死了","","125195","3692","True","False"
"692","125196","二十七","27","人药蛊","","125377","3719","True","False"
"693","125378","二十八","28","一战黑城","","125547","3478","True","False"
"694","125548","二十九","29","奇蛊榜排行第四","","125671","3435","True","False"
"695","125672","三十","30","仙蛊喊饿","","125827","3382","True","False"
"696","125828","三十一","31","芝林、地马","","126001","3548","True","False"
"697","126002","三十二","32","九龙护棺运","","126165","3592","True","False"
"698","126166","三十三","33","炼制群力蛊","","126341","3540","True","False"
"699","126342","三十四","34","黑楼兰升仙（上）","","126485","3413","False","False"
"700","126486","三十五","35","黑楼兰升仙（中）","","126683","3735","True","False"
"701","126684","三十六","36","黑楼兰升仙（下）","","165163","811974","True","False"
"702","165164","二百六十一","261","修为低也有好处：","","167913","48308","True","False"
"703","167914","二百七十四","274","百日大战落幕：","","168315","7124","True","False"
"704","168316","二百七十六","276","弃此残躯换清风：","","170711","43455","True","False"
"705","170712","二百八十八","288","多重复合蛊阵：","","171535","15495","True","False"
"706","171536","二百九十二","292","方源谋划：","","174455","53168","True","False"
"707","174456","三百零六","306","蓝：","","174981","8527","True","False"
"708","174982","三百零八","308","威凌天地：","","195907","378515","True","False"
"709","195908","三十九","39","罐河察运：","","203361","142448","True","False"
"710","203362","七十八","78","变化道宗师！：手机用户请访问http://m.piaotian.","site_markup","204723","25712","True","False"
"711","204724","八十五","85","黑家大战（中：手机用户请访问http://m.piaotian.","site_markup","208741","72811","True","False"
"712","208742","一百零四","104","再杀：手机用户请访问http://m.piaotian.","site_markup","237671","525110","True","False"
"713","237672","二百五十五","255","脚踹八转大能：","","237883","4062","True","False"
"714","237884","二百五十六","256","小人的坚持：","","239269","23341","True","False"
"715","239270","二百六十三","263","逆流河太古秘辛：","","240797","25610","True","False"
"716","240798","二百七十","270","影宗方源和谈？：","","274431","592434","True","False"
"717","274432","四百四十五","445","难怪方源看不上我：","","278345","72262","True","False"
"718","278346","四百六十七","467","香消玉殒：","","278503","3006","True","False"
"719","278504","四百六十八","468","搜刮战利品：","","289107","209785","True","False"
"720","289108","五百三十三","533","四千年寿蛊！：","","289265","3585","True","True"
"721","289266","五百三十四","534","炼道真意：","","289397","2901","True","True"
"722","289398","五百三十三","533","四千年寿蛊！：","","289553","3580","True","True"
"723","289554","五百三十四","534","炼道真意：","","386823","1866684","True","True"
"724","386824","七十","70","强弱(第1/1页)","","437060","893337","True","False"
