source_directory	name_candidate	status	entity_owner	canon_literal_occurrences	first_literal_chapter	roster_references
gu	1转	候选缺独立页（须消歧核验）		0		gu/roster-3.md
gu	2转	候选缺独立页（须消歧核验）		0		gu/roster-3.md
gu	3转	候选缺独立页（须消歧核验）		0		gu/roster-3.md
gu	4转	候选缺独立页（须消歧核验）		0		gu/roster-3.md
gu	5转	候选缺独立页（须消歧核验）		1	chapter_2108	gu/roster-3.md
gu	L0 裁定	候选缺独立页（须消歧核验）		0		gu/roster-3.md
gu	[宿命蛊]	候选缺独立页（须消歧核验）		0		gu/roster.md
gu	[春秋蝉]	候选缺独立页（须消歧核验）		0		gu/roster.md
gu	[智慧蛊]	候选缺独立页（须消歧核验）		0		gu/roster.md
gu	[胆识蛊]	候选缺独立页（须消歧核验）		0		gu/roster.md
gu	一钧之力蛊	候选缺独立页（须消歧核验）		4	chapter_0443	gu/roster-3.md
gu	万剑鬼蛟／万一鬼蛟剑	候选缺独立页（须消歧核验）		0		gu/roster.md
gu	万我	候选缺独立页（须消歧核验）		450	chapter_0650	gu/roster.md
gu	丹火蛊	有独立页（质量未由此证明）	gu/fire-atk-4-02-gu.md	12	chapter_0276	gu/roster-3.md
gu	九叶生机草	有独立页（质量未由此证明）	gu/vitality-grass-gu.md;gu/vitality-grass-gu.md	79	chapter_0103	gu/roster-3.md
gu	九子龙图	候选缺独立页（须消歧核验）		5	chapter_2147	gu/roster-2.md
gu	九转光蛊	候选缺独立页（须消歧核验）		44	chapter_2307	gu/roster.md
gu	九转升炼蛊	有独立页（质量未由此证明）	gu/refine-log-5-02-gu.md	12	chapter_2275	gu/roster-3.md
gu	九转火蛊	候选缺独立页（须消歧核验）		7	chapter_2310	gu/roster.md
gu	九转衍化仙蛊	候选缺独立页（须消歧核验）		4	chapter_2111	gu/roster.md
gu	云蛊	候选缺独立页（须消歧核验）		24	chapter_0298	gu/roster-3.md
gu	人如故仙蛊	候选缺独立页（须消歧核验）		83	chapter_0605	gu/roster-3.md
gu	人如故蛊	候选缺独立页（须消歧核验）		19	chapter_0535	gu/roster-3.md
gu	仁蛊	候选缺独立页（须消歧核验）		9	chapter_1713	gu/roster.md
gu	今古亭、恒舟、鲨流撬、三秋黄鹤台	候选缺独立页（须消歧核验）		0		gu/roster.md
gu	借力蛊	候选缺独立页（须消歧核验）		17	chapter_0561	gu/roster-3.md
gu	偷生仙蛊	候选缺独立页（须消歧核验）		52	chapter_1530	gu/roster-2.md
gu	僵体系	候选缺独立页（须消歧核验）		0		gu/roster.md
gu	元泉系	候选缺独立页（须消歧核验）		0		gu/roster.md
gu	元老蛊	候选缺独立页（须消歧核验）		40	chapter_0269	gu/roster-2.md
gu	光蛊	候选缺独立页（须消歧核验）		386	chapter_0007	gu/roster-3.md
gu	光道/月华系	候选缺独立页（须消歧核验）		0		gu/roster.md
gu	全力以赴蛊	候选缺独立页（须消歧核验）		210	chapter_0286	gu/roster-3.md
gu	兽力蛊	候选缺独立页（须消歧核验）		9	chapter_0443	gu/roster-3.md
gu	兽形蛊	候选缺独立页（须消歧核验）		0		gu/roster.md
gu	冰肌蛊	有独立页（质量未由此证明）	gu/water-atk-3-06-gu.md;gu/water-atk-3-06-gu.md	8	chapter_0138	gu/roster-3.md
gu	冰道系	候选缺独立页（须消歧核验）		0		gu/roster.md
gu	净魂仙蛊	有独立页（质量未由此证明）	gu/soul-atk-1-02-gu.md;gu/soul-atk-1-02-gu.md	106	chapter_0664	gu/roster-3.md
gu	刀翅血蝠蛊	候选缺独立页（须消歧核验）		17	chapter_0184	gu/roster-3.md
gu	刃蛊	候选缺独立页（须消歧核验）		58	chapter_0141	gu/roster-3.md
gu	剑气蛊	有独立页（质量未由此证明）	gu/sword-atk-4-01-gu.md;gu/sword-atk-4-01-gu.md	13	chapter_1041	gu/roster-3.md
gu	剑蛊	候选缺独立页（须消歧核验）		48	chapter_1001	gu/roster-3.md
gu	剑鞘蛊	候选缺独立页（须消歧核验）		2	chapter_1069	gu/roster-3.md
gu	力气蛊	候选缺独立页（须消歧核验）		53	chapter_0316	gu/roster-3.md
gu	力量蛊	候选缺独立页（须消歧核验）		48	chapter_0005	gu/roster-3.md
gu	化蛊	候选缺独立页（须消歧核验）		51	chapter_0007	gu/roster-3.md
gu	十斤之力蛊	候选缺独立页（须消歧核验）		4	chapter_0443	gu/roster-3.md
gu	十钧之力蛊	候选缺独立页（须消歧核验）		24	chapter_0443	gu/roster-3.md
gu	升炼蛊	候选缺独立页（须消歧核验）		29	chapter_0838	gu/roster-3.md
gu	古铜皮蛊	有独立页（质量未由此证明）	gu/gold-def-3-09-gu.md	9	chapter_0355	gu/roster-3.md
gu	合炼蛊	候选缺独立页（须消歧核验）		12	chapter_0082	gu/roster-3.md
gu	吞江蟾	候选缺独立页（须消歧核验）		110	chapter_0118	gu/roster-2.md
gu	命蛊	候选缺独立页（须消歧核验）		1041	chapter_0007	gu/roster-3.md
gu	命败	候选缺独立页（须消歧核验）		37	chapter_1376	gu/roster.md
gu	命运蛊	有独立页（质量未由此证明）	gu/heaven-atk-5-02-gu.md	36	chapter_1735	gu/roster-3.md;gu/roster.md
gu	团圆蛊	候选缺独立页（须消歧核验）		91	chapter_0215	gu/roster-3.md
gu	地听肉耳草	候选缺独立页（须消歧核验）		80	chapter_0129	gu/roster-2.md
gu	地藏花蛊	有独立页（质量未由此证明）	gu/earth-atk-5-03-gu.md	16	chapter_0065	gu/roster-3.md
gu	坚持仙蛊	有独立页（质量未由此证明）	gu/persistence-gu.md	53	chapter_1290	gu/roster-3.md;gu/roster.md
gu	大侠蛊	候选缺独立页（须消歧核验）		7	chapter_1967	gu/roster-3.md
gu	大同风	候选缺独立页（须消歧核验）		206	chapter_0376	gu/roster.md
gu	天妒仙蛊	有独立页（质量未由此证明）	gu/heaven-atk-5-03-gu.md	47	chapter_2146	gu/roster-3.md;gu/roster.md
gu	天机仙蛊	有独立页（质量未由此证明）	gu/heaven-atk-5-06-gu.md	43	chapter_0493	gu/roster.md
gu	天机蛊	有独立页（质量未由此证明）	gu/heaven-atk-5-06-gu.md	95	chapter_0493	gu/roster-3.md
gu	天蓬蛊	有独立页（质量未由此证明）	gu/force-atk-3-29-gu.md	79	chapter_0066	gu/roster-3.md
gu	太光蛊	候选缺独立页（须消歧核验）		17	chapter_0390	gu/roster-3.md
gu	奴隶蛊	有独立页（质量未由此证明）	gu/slave-atk-5-01-gu.md	65	chapter_0015	gu/roster-3.md
gu	妇人心蛊	候选缺独立页（须消歧核验）		6	chapter_1093	gu/roster-3.md
gu	宙锚仙蛊	候选缺独立页（须消歧核验）		21	chapter_0747	gu/roster.md
gu	定仙游蛊	有独立页（质量未由此证明）	gu/fixed-immortal-travel-gu.md;gu/fixed-immortal-travel-gu.md	91	chapter_0308	gu/roster.md
gu	定力蛊	候选缺独立页（须消歧核验）		28	chapter_2141	gu/roster-3.md
gu	宿命蛊	有独立页（质量未由此证明）	gu/fate-gu.md	788	chapter_0411	gu/roster-3.md
gu	察运蛊	候选缺独立页（须消歧核验）		35	chapter_0605	gu/roster-3.md
gu	寿蛊	有独立页（质量未由此证明）	gu/heaven-atk-5-07-gu.md;gu/heaven-atk-5-07-gu.md	340	chapter_0038	gu/roster-3.md
gu	小光蛊	有独立页（质量未由此证明）	gu/small-light-gu.md;gu/small-light-gu.md	34	chapter_0064	gu/roster-3.md
gu	山盟蛊	有独立页（质量未由此证明）	gu/human-def-1-32-gu.md;gu/human-def-1-32-gu.md	38	chapter_0385	gu/roster-3.md
gu	巨力蛊	候选缺独立页（须消歧核验）		3	chapter_0318	gu/roster-3.md
gu	年蛊	有独立页（质量未由此证明）	gu/year-gu.md;gu/year-gu.md	560	chapter_0012	gu/roster-2.md
gu	度日如年／时光如水	候选缺独立页（须消歧核验）		0		gu/roster.md
gu	弧十三补录	候选缺独立页（须消歧核验）		0		gu/roster.md
gu	心志/社交系	候选缺独立页（须消歧核验）		0		gu/roster.md
gu	心蛊	候选缺独立页（须消歧核验）		155	chapter_0232	gu/roster-3.md
gu	心血仙蛊	候选缺独立页（须消歧核验）		19	chapter_1905	gu/roster-2.md
gu	态度蛊	有独立页（质量未由此证明）	gu/attitude-gu.md;gu/attitude-gu.md	199	chapter_0060	gu/roster-3.md
gu	恨蛊	候选缺独立页（须消歧核验）		61	chapter_1106	gu/roster-3.md
gu	悔蛊	有独立页（质量未由此证明）	gu/human-atk-5-34-gu.md	94	chapter_1678	gu/roster-3.md;gu/roster.md
gu	情蛊	候选缺独立页（须消歧核验）		86	chapter_0399	gu/roster-3.md
gu	慧剑蛊	有独立页（质量未由此证明）	gu/wisdom-atk-5-05-gu.md	23	chapter_1001	gu/roster-3.md
gu	我力仙蛊	有独立页（质量未由此证明）	gu/force-atk-5-20-gu.md	85	chapter_0715	gu/roster-3.md
gu	我力蛊	候选缺独立页（须消歧核验）		6	chapter_0694	gu/roster-3.md
gu	招灾蛊	有独立页（质量未由此证明）	gu/luck-atk-1-03-gu.md;gu/luck-atk-1-03-gu.md	46	chapter_0567	gu/roster-3.md
gu	挽澜仙蛊	候选缺独立页（须消歧核验）		29	chapter_0771	gu/roster.md
gu	排难蛊	有独立页（质量未由此证明）	gu/luck-atk-5-05-gu.md	25	chapter_0568	gu/roster-3.md
gu	斤力蛊	有独立页（质量未由此证明）	gu/force-atk-1-05-gu.md;gu/force-atk-1-05-gu.md	9	chapter_0443	gu/roster-3.md
gu	星宿棋盘	候选缺独立页（须消歧核验）		141	chapter_1248	gu/roster.md
gu	星念蛊	有独立页（质量未由此证明）	gu/light-rec-5-12-gu.md	57	chapter_0506	gu/roster-3.md
gu	星投／白日星现	候选缺独立页（须消歧核验）		0		gu/roster.md
gu	星河蛊	候选缺独立页（须消歧核验）		12	chapter_0583	gu/roster-3.md
gu	星芽蛊	候选缺独立页（须消歧核验）		25	chapter_0668	gu/roster-3.md
gu	星萤蛊	候选缺独立页（须消歧核验）		84	chapter_0463	gu/roster-3.md
gu	星门蛊	有独立页（质量未由此证明）	gu/star-gate-gu.md;gu/star-gate-gu.md	117	chapter_0460	gu/roster-2.md
gu	春剪冬裘	候选缺独立页（须消歧核验）		0		gu/roster.md
gu	春秋蝉	有独立页（质量未由此证明）	gu/spring-autumn-cicada-gu.md;gu/spring-autumn-cicada-gu.md	972	chapter_0001	gu/roster-3.md
gu	智慧蛊	有独立页（质量未由此证明）	gu/wisdom-gu.md;gu/wisdom-gu.md	661	chapter_0005	gu/roster-3.md
gu	智障仙蛊	候选缺独立页（须消歧核验）		6	chapter_1821	gu/roster.md
gu	月光蛊	有独立页（质量未由此证明）	gu/moonlight-gu.md;gu/moonlight-gu.md	207	chapter_0007	gu/roster-3.md
gu	月影蛊	有独立页（质量未由此证明）	gu/moon-shadow-gu.md;gu/moon-shadow-gu.md	21	chapter_0015	gu/roster-3.md
gu	月旋蛊	有独立页（质量未由此证明）	gu/light-atk-1-01-gu.md;gu/light-atk-1-01-gu.md	4	chapter_0105	gu/roster-3.md
gu	月痕蛊	有独立页（质量未由此证明）	gu/moon-ray-gu.md;gu/moon-ray-gu.md	6	chapter_0107	gu/roster-3.md
gu	月芒蛊	有独立页（质量未由此证明）	gu/moon-glow-gu.md;gu/moon-glow-gu.md	43	chapter_0099	gu/roster-3.md
gu	月蛊	候选缺独立页（须消歧核验）		77	chapter_0106	gu/roster-3.md
gu	木系	候选缺独立页（须消歧核验）		1	chapter_0022	gu/roster.md
gu	木魅蛊	有独立页（质量未由此证明）	gu/wood-atk-3-01-gu.md;gu/wood-atk-3-01-gu.md	26	chapter_0127	gu/roster-3.md
gu	梦甲蛊	候选缺独立页（须消歧核验）		9	chapter_2113	gu/roster-3.md
gu	梦翼仙蛊	候选缺独立页（须消歧核验）		51	chapter_0697	gu/roster.md
gu	梦蝶仙蛊	有独立页（质量未由此证明）	gu/dream-atk-5-02-gu.md	28	chapter_2115	gu/roster-3.md
gu	森林蛊	候选缺独立页（须消歧核验）		2	chapter_2098	gu/roster-3.md
gu	横冲直撞蛊	候选缺独立页（须消歧核验）		24	chapter_0289	gu/roster-3.md
gu	横冲蛊	有独立页（质量未由此证明）	gu/force-atk-4-27-gu.md	22	chapter_0289	gu/roster-3.md
gu	死期仙蛊	候选缺独立页（须消歧核验）		0		gu/roster.md
gu	毒誓蛊	候选缺独立页（须消歧核验）		81	chapter_0234	gu/roster-3.md
gu	水瀑蛊	候选缺独立页（须消歧核验）		4	chapter_0473	gu/roster-3.md
gu	河蛊	候选缺独立页（须消歧核验）		12	chapter_0583	gu/roster-3.md
gu	泥沼蟹	候选缺独立页（须消歧核验）		122	chapter_0417	gu/roster-2.md
gu	洞地蛊	候选缺独立页（须消歧核验）		63	chapter_0424	gu/roster-3.md
gu	浪迹天涯仙蛊	有独立页（质量未由此证明）	gu/water-rec-5-04-gu.md	36	chapter_0643	gu/roster-3.md
gu	海蛊	候选缺独立页（须消歧核验）		251	chapter_0351	gu/roster-3.md
gu	海誓蛊	有独立页（质量未由此证明）	gu/human-atk-5-31-gu.md	10	chapter_0385	gu/roster-3.md
gu	湖蛊	候选缺独立页（须消歧核验）		4	chapter_0429	gu/roster-3.md
gu	火炭蛊	有独立页（质量未由此证明）	gu/fire-mov-4-39-gu.md	7	chapter_0153	gu/roster-3.md
gu	火蛇蛊	候选缺独立页（须消歧核验）		5	chapter_0314	gu/roster-3.md
gu	火龙蛊	候选缺独立页（须消歧核验）		5	chapter_0186	gu/roster-3.md
gu	灾蛊	候选缺独立页（须消歧核验）		46	chapter_0567	gu/roster-3.md
gu	炎蛊	候选缺独立页（须消歧核验）		3	chapter_0393	gu/roster-3.md
gu	点金蛊	候选缺独立页（须消歧核验）		9	chapter_0374	gu/roster-3.md
gu	炼炉蛊	候选缺独立页（须消歧核验）		1	chapter_0884	gu/roster-3.md
gu	熊力蛊	有独立页（质量未由此证明）	gu/bear-strength-gu.md;gu/bear-strength-gu.md	4	chapter_0022	gu/roster-3.md
gu	爱别离	有独立页（质量未由此证明）	gu/blood-farewell-gu.md	6	chapter_0078	gu/roster-3.md
gu	爱情蛊	有独立页（质量未由此证明）	gu/human-atk-5-02-gu.md	63	chapter_0436	gu/roster-3.md;gu/roster.md
gu	狗屎运蛊	有独立页（质量未由此证明）	gu/luck-atk-5-04-gu.md	1	chapter_1093	gu/roster-3.md
gu	玉清滴风小竹楼	候选缺独立页（须消歧核验）		137	chapter_1360	gu/roster.md
gu	玉皮蛊	有独立页（质量未由此证明）	gu/jade-skin-gu.md;gu/jade-skin-gu.md	89	chapter_0064	gu/roster-3.md
gu	玉骨蛊	有独立页（质量未由此证明）	gu/bone-def-3-05-gu.md;gu/bone-def-3-05-gu.md	14	chapter_0206	gu/roster-3.md
gu	电蛊	候选缺独立页（须消歧核验）		43	chapter_0232	gu/roster-3.md
gu	白玉蛊	有独立页（质量未由此证明）	gu/white-jade-gu.md;gu/white-jade-gu.md	70	chapter_0066	gu/roster-3.md
gu	白豕蛊	有独立页（质量未由此证明）	gu/white-boar-strength-gu.md;gu/white-boar-strength-gu.md	92	chapter_0064	gu/roster-3.md
gu	白银舍利蛊	候选缺独立页（须消歧核验）		32	chapter_0112	gu/roster-3.md
gu	皮甲系	候选缺独立页（须消歧核验）		0		gu/roster.md
gu	监天塔	候选缺独立页（须消歧核验）		654	chapter_0782	gu/roster.md
gu	盗天钥匙对	候选缺独立页（须消歧核验）		0		gu/roster.md
gu	直撞蛊	有独立页（质量未由此证明）	gu/force-atk-4-26-gu.md	60	chapter_0228	gu/roster-3.md
gu	石皮蛊	有独立页（质量未由此证明）	gu/stone-shell-gu.md;gu/stone-shell-gu.md	7	chapter_0064	gu/roster-3.md
gu	石窍蛊	有独立页（质量未由此证明）	gu/earth-def-3-01-gu.md;gu/earth-def-3-01-gu.md	21	chapter_0144	gu/roster-3.md
gu	硬气蛊	有独立页（质量未由此证明）	gu/qi-atk-1-01-gu.md;gu/qi-atk-1-01-gu.md	10	chapter_0316	gu/roster-3.md
gu	神游蛊	有独立页（质量未由此证明）	gu/divine-travel-gu.md;gu/divine-travel-gu.md	125	chapter_0358	gu/roster.md
gu	空窍转化消耗系	候选缺独立页（须消歧核验）		0		gu/roster.md
gu	紫晶舍利蛊	候选缺独立页（须消歧核验）		33	chapter_0379	gu/roster-3.md
gu	绣楼	候选缺独立页（须消歧核验）		64	chapter_1017	gu/roster.md
gu	群力蛊	候选缺独立页（须消歧核验）		36	chapter_0679	gu/roster-3.md
gu	能力蛊	候选缺独立页（须消歧核验）		30	chapter_2140	gu/roster-3.md
gu	自力更生蛊	有独立页（质量未由此证明）	gu/force-heal-3-03-gu.md	57	chapter_0162	gu/roster-3.md
gu	自己蛊	有独立页（质量未由此证明）	gu/human-atk-1-01-gu.md;gu/human-atk-1-01-gu.md	110	chapter_0647	gu/roster-3.md
gu	至尊仙胎蛊	有独立页（质量未由此证明）	gu/supreme-immortal-fetus-gu.md;gu/supreme-immortal-fetus-gu.md	176	chapter_1025	gu/roster.md
gu	舍利蛊	候选缺独立页（须消歧核验）		248	chapter_0054	gu/roster-3.md
gu	花蛊	候选缺独立页（须消歧核验）		49	chapter_0014	gu/roster-3.md
gu	苦力蛊	候选缺独立页（须消歧核验）		94	chapter_0287	gu/roster-3.md
gu	草傀蛊	有独立页（质量未由此证明）	gu/wood-heal-3-03-gu.md	12	chapter_0361	gu/roster-3.md
gu	草蛊	候选缺独立页（须消歧核验）		50	chapter_0014	gu/roster-3.md
gu	落英馆、鸡笼犬舍、问津坞	候选缺独立页（须消歧核验）		0		gu/roster.md
gu	蓝鸟冰棺蛊	有独立页（质量未由此证明）	gu/water-atk-3-07-gu.md	9	chapter_0137	gu/roster-2.md;gu/roster-3.md
gu	蛊虫效果细化批	候选缺独立页（须消歧核验）		0		gu/roster-2.md
gu	血手印蛊	候选缺独立页（须消歧核验）		9	chapter_0275	gu/roster-3.md
gu	血月蛊	有独立页（质量未由此证明）	gu/blood-atk-3-11-gu.md;gu/blood-atk-3-11-gu.md	47	chapter_0158	gu/roster-3.md
gu	血本仙蛊	有独立页（质量未由此证明）	gu/blood-atk-5-12-gu.md	64	chapter_1068	gu/roster-3.md
gu	血本蛊	候选缺独立页（须消歧核验）		1	chapter_1093	gu/roster-3.md
gu	血气蛊	有独立页（质量未由此证明）	gu/blood-atk-3-03-gu.md;gu/blood-atk-3-03-gu.md	10	chapter_0127	gu/roster-3.md
gu	血滴子	有独立页（质量未由此证明）	gu/blood-droplet-gu.md	37	chapter_0166	gu/roster-3.md
gu	血狂蛊	候选缺独立页（须消歧核验）		18	chapter_0184	gu/roster-2.md
gu	血神子	有独立页（质量未由此证明）	gu/blood-atk-5-09-gu.md	94	chapter_0166	gu/roster-3.md
gu	血系	候选缺独立页（须消歧核验）		0		gu/roster.md
gu	血缘仙蛊	候选缺独立页（须消歧核验）		5	chapter_1906	gu/roster-3.md
gu	血蝠蛊	候选缺独立页（须消歧核验）		17	chapter_0184	gu/roster-3.md
gu	血颅蛊	候选缺独立页（须消歧核验）		87	chapter_0194	gu/roster-3.md
gu	解梦	候选缺独立页（须消歧核验）		182	chapter_0775	gu/roster.md
gu	解谜蛊	候选缺独立页（须消歧核验）		4	chapter_1093	gu/roster-3.md
gu	记录系	候选缺独立页（须消歧核验）		0		gu/roster.md
gu	诗壁仙蛊	候选缺独立页（须消歧核验）		5	chapter_2146	gu/roster.md
gu	豆神宫	候选缺独立页（须消歧核验）		519	chapter_1526	gu/roster.md
gu	豕系	候选缺独立页（须消歧核验）		0		gu/roster.md
gu	费力蛊	候选缺独立页（须消歧核验）		12	chapter_0342	gu/roster-3.md
gu	赤铁舍利蛊	有独立页（质量未由此证明）	gu/gold-atk-2-11-gu.md	58	chapter_0112	gu/roster-3.md
gu	轻虚蝠翼→返实蝠翼	候选缺独立页（须消歧核验）		0		gu/roster.md
gu	辅助系	候选缺独立页（须消歧核验）		0		gu/roster.md
gu	邀月蛊	有独立页（质量未由此证明）	gu/light-atk-3-02-gu.md;gu/light-atk-3-02-gu.md	2	chapter_0106	gu/roster-3.md
gu	酒虫	有独立页（质量未由此证明）	gu/wine-insect-gu.md;gu/wine-insect-gu.md	554	chapter_0007	gu/roster-3.md
gu	酒食生产系	候选缺独立页（须消歧核验）		0		gu/roster.md
gu	量蛊	候选缺独立页（须消歧核验）		94	chapter_0005	gu/roster-3.md
gu	金甲蛊	候选缺独立页（须消歧核验）		1	chapter_0577	gu/roster-3.md
gu	金缕衣蛊	候选缺独立页（须消歧核验）		7	chapter_0374	gu/roster-3.md
gu	金罡蛊	候选缺独立页（须消歧核验）		29	chapter_0289	gu/roster-3.md
gu	金蛊	候选缺独立页（须消歧核验）		15	chapter_0374	gu/roster-3.md
gu	金霞蛊	候选缺独立页（须消歧核验）		6	chapter_0374	gu/roster-3.md
gu	金风送爽蛊	候选缺独立页（须消歧核验）		4	chapter_0374	gu/roster-3.md
gu	金龙蛊	有独立页（质量未由此证明）	gu/gold-atk-4-02-gu.md	15	chapter_0374	gu/roster-3.md
gu	钓鲸舟、金星塔	候选缺独立页（须消歧核验）		0		gu/roster.md
gu	钧力蛊	候选缺独立页（须消歧核验）		15	chapter_0443	gu/roster-3.md
gu	铁柜蛊	候选缺独立页（须消歧核验）		18	chapter_0353	gu/roster-3.md
gu	铁蛊	候选缺独立页（须消歧核验）		10	chapter_0177	gu/roster-3.md
gu	铜皮蛊	候选缺独立页（须消歧核验）		30	chapter_0024	gu/roster-3.md
gu	镇宇仙蛊	候选缺独立页（须消歧核验）		14	chapter_1729	gu/roster.md
gu	雷电蛊	候选缺独立页（须消歧核验）		39	chapter_2040	gu/roster-2.md;gu/roster-3.md
gu	雷盾蛊	候选缺独立页（须消歧核验）		6	chapter_0168	gu/roster-3.md
gu	雷翼蛊	有独立页（质量未由此证明）	gu/heaven-atk-3-10-gu.md;gu/heaven-atk-3-10-gu.md	31	chapter_0151	gu/roster-3.md
gu	雷蛊	候选缺独立页（须消歧核验）		9	chapter_0151	gu/roster-3.md
gu	霞蛊	候选缺独立页（须消歧核验）		6	chapter_0374	gu/roster-3.md
gu	青藤蛊	有独立页（质量未由此证明）	gu/wood-atk-1-05-gu.md;gu/wood-atk-1-05-gu.md	8	chapter_0105	gu/roster-3.md
gu	青铜舍利蛊	有独立页（质量未由此证明）	gu/gold-atk-2-12-gu.md;gu/gold-atk-2-12-gu.md	18	chapter_0112	gu/roster-3.md
gu	风气蛊	有独立页（质量未由此证明）	gu/qi-mov-4-03-gu.md	24	chapter_0309	gu/roster-3.md
gu	风虎云龙蛊	候选缺独立页（须消歧核验）		4	chapter_0583	gu/roster-3.md
gu	飞剑蛊	有独立页（质量未由此证明）	gu/sword-atk-5-02-gu.md	11	chapter_1001	gu/roster-3.md
gu	飞熊之力蛊	有独立页（质量未由此证明）	gu/force-mov-5-21-gu.md	8	chapter_0594	gu/roster-3.md
gu	马到成功蛊	候选缺独立页（须消歧核验）		4	chapter_0412	gu/roster-2.md
gu	驭兽蛊	有独立页（质量未由此证明）	gu/slave-atk-4-02-gu.md	15	chapter_0153	gu/roster-3.md
gu	驭熊蛊	候选缺独立页（须消歧核验）		14	chapter_0147	gu/roster-3.md
gu	驭犬蛊	有独立页（质量未由此证明）	gu/slave-atk-1-03-gu.md;gu/slave-atk-1-03-gu.md	51	chapter_0324	gu/roster-3.md
gu	驭狼蛊	有独立页（质量未由此证明）	gu/slave-atk-3-04-gu.md;gu/slave-atk-3-04-gu.md	86	chapter_0153	gu/roster-3.md
gu	骨刺蛊	候选缺独立页（须消歧核验）		10	chapter_0223	gu/roster-3.md
gu	骨枪蛊	有独立页（质量未由此证明）	gu/bone-def-3-01-gu.md;gu/bone-def-3-01-gu.md	57	chapter_0223	gu/roster-3.md
gu	骨系	候选缺独立页（须消歧核验）		1	chapter_0215	gu/roster.md
gu	骨翼蛊	候选缺独立页（须消歧核验）		14	chapter_0223	gu/roster-3.md
gu	骨蛊	有独立页（质量未由此证明）	gu/bone-atk-1-08-gu.md;gu/bone-atk-1-08-gu.md	49	chapter_0206	gu/roster-3.md
gu	鬼火蛊	有独立页（质量未由此证明）	gu/fire-atk-2-01-gu.md;gu/fire-atk-2-01-gu.md	37	chapter_0432	gu/roster-3.md
gu	魂灯蛊	有独立页（质量未由此证明）	gu/soul-atk-5-01-gu.md	37	chapter_1230	gu/roster-3.md
gu	鳄力蛊	有独立页（质量未由此证明）	gu/blood-atk-1-18-gu.md	32	chapter_0205	gu/roster-3.md
gu	鸿运齐天蛊	有独立页（质量未由此证明）	gu/luck-atk-5-01-gu.md	78	chapter_0602	gu/roster-3.md;gu/roster.md
gu	黄金舍利蛊	有独立页（质量未由此证明）	gu/gold-atk-4-14-gu.md	36	chapter_0112	gu/roster-3.md
gu	黑牢	候选缺独立页（须消歧核验）		80	chapter_0690	gu/roster.md
gu	龙息蛊	候选缺独立页（须消歧核验）		4	chapter_1178	gu/roster-3.md
gu	龙行虎步蛊	有独立页（质量未由此证明）	gu/wind-mov-4-04-gu.md	8	chapter_0318	gu/roster-3.md
characters	"百足家吞并黑家"已裁定	候选缺独立页（须消歧核验）		0		characters/roster-2.md
characters	[方源]	候选缺独立页（须消歧核验）		0		characters/roster.md
characters	[黑楼兰]	候选缺独立页（须消歧核验）		0		characters/roster.md
characters	丁浩	候选缺独立页（须消歧核验）		106	chapter_0255	characters/roster.md
characters	丁浩、欧羊公	候选缺独立页（须消歧核验）		0		characters/enemy-roster.md
characters	七星子	候选缺独立页（须消歧核验）		131	chapter_0714	characters/roster.md
characters	万寿娘子	候选缺独立页（须消歧核验）		136	chapter_0754	characters/roster-2.md
characters	万象星君	候选缺独立页（须消歧核验）		175	chapter_0463	characters/roster.md
characters	三尊格局	候选缺独立页（须消歧核验）		0		characters/enemy-roster.md
characters	东方余亮	候选缺独立页（须消歧核验）		419	chapter_0502	characters/roster.md
characters	东方长凡	候选缺独立页（须消歧核验）		637	chapter_0515	characters/enemy-roster.md;characters/roster.md
characters	乐土仙尊	有独立页（质量未由此证明）	characters/le-tu-xian-zun.md	348	chapter_0461	characters/roster.md
characters	五德门	候选缺独立页（须消歧核验）		44	chapter_0830	characters/roster-2.md
characters	仙鹤门	候选缺独立页（须消歧核验）		644	chapter_0193	characters/enemy-roster.md
characters	余木蠢	候选缺独立页（须消歧核验）		138	chapter_0841	characters/roster-2.md
characters	元始仙尊	候选缺独立页（须消歧核验）		233	chapter_0602	characters/roster.md
characters	光帝君	候选缺独立页（须消歧核验）		82	chapter_2303	characters/roster.md
characters	关系网入口	候选缺独立页（须消歧核验）		0		characters/roster.md
characters	写同人「动机与关系」路径	候选缺独立页（须消歧核验）		0		characters/roster.md
characters	冰塞川	候选缺独立页（须消歧核验）		520	chapter_1712	characters/roster.md
characters	冰晶仙王	候选缺独立页（须消歧核验）		316	chapter_1990	characters/roster-2.md
characters	凤九歌	有独立页（质量未由此证明）	characters/feng-jiu-ge.md	2362	chapter_0407	characters/roster.md
characters	凤金煌	有独立页（质量未由此证明）	characters/feng-jin-huang.md	918	chapter_0366	characters/roster.md
characters	凶雷恶人	候选缺独立页（须消歧核验）		106	chapter_0701	characters/roster-2.md
characters	刘青玉	候选缺独立页（须消歧核验）		110	chapter_1055	characters/roster.md
characters	势力入口	候选缺独立页（须消歧核验）		0		characters/roster.md
characters	千竹仙、命河谷主、绝空神母	候选缺独立页（须消歧核验）		0		characters/roster-2.md
characters	厉煌	候选缺独立页（须消歧核验）		190	chapter_1653	characters/roster-2.md
characters	古月博	候选缺独立页（须消歧核验）		287	chapter_0006	characters/roster.md
characters	古月漠北	候选缺独立页（须消歧核验）		60	chapter_0004	characters/roster.md
characters	古月药乐	候选缺独立页（须消歧核验）		37	chapter_0114	characters/roster.md
characters	古月药姬	候选缺独立页（须消歧核验）		122	chapter_0111	characters/roster.md
characters	古月青书	候选缺独立页（须消歧核验）		146	chapter_0083	characters/roster.md
characters	叶凡	候选缺独立页（须消歧核验）		317	chapter_0681	characters/roster-2.md
characters	吴帅	候选缺独立页（须消歧核验）		1255	chapter_1847	characters/roster-2.md
characters	周雄信	候选缺独立页（须消歧核验）		161	chapter_1719	characters/roster-2.md
characters	唐方明、唐烂柯	候选缺独立页（须消歧核验）		3	chapter_1456	characters/roster-2.md
characters	商心慈	有独立页（质量未由此证明）	characters/shang-xin-ci.md	1039	chapter_0236	characters/roster.md
characters	商燕飞	候选缺独立页（须消歧核验）		334	chapter_0259	characters/roster.md
characters	商睚眦	候选缺独立页（须消歧核验）		267	chapter_0264	characters/enemy-roster.md;characters/roster.md
characters	四旬子	候选缺独立页（须消歧核验）		55	chapter_1649	characters/roster.md
characters	墨坦桑	候选缺独立页（须消歧核验）		148	chapter_0663	characters/roster-2.md
characters	夏琳、赵露	候选缺独立页（须消歧核验）		0		characters/roster-2.md
characters	大时代	候选缺独立页（须消歧核验）		112	chapter_0384	characters/enemy-roster.md
characters	天庭	候选缺独立页（须消歧核验）		6631	chapter_0408	characters/enemy-roster.md
characters	天意	候选缺独立页（须消歧核验）		1260	chapter_0390	characters/enemy-roster.md
characters	天鹤上人	候选缺独立页（须消歧核验）		291	chapter_0193	characters/roster.md
characters	太白云生	有独立页（质量未由此证明）	characters/tai-bai-yun-sheng.md	2006	chapter_0426	characters/roster.md
characters	妙音仙子	候选缺独立页（须消歧核验）		230	chapter_1362	characters/roster-2.md
characters	宋启元、青岳安、华彩云、张阴	候选缺独立页（须消歧核验）		0		characters/roster-2.md
characters	宋紫星	候选缺独立页（须消歧核验）		225	chapter_0408	characters/roster.md
characters	容婆、扬子河、石淼	候选缺独立页（须消歧核验）		1	chapter_1708	characters/roster-2.md
characters	宿命／天道	候选缺独立页（须消歧核验）		0		characters/enemy-roster.md
characters	巨阳仙尊	有独立页（质量未由此证明）	characters/ju-yang-xian-zun.md	1713	chapter_0427	characters/roster.md
characters	幽魂	有独立页（质量未由此证明）	characters/you-hun-mo-zun.md	2908	chapter_0423	characters/roster.md
characters	幽魂魔尊	有独立页（质量未由此证明）	characters/you-hun-mo-zun.md	926	chapter_0423	characters/enemy-roster.md
characters	庙明神	候选缺独立页（须消歧核验）		553	chapter_1165	characters/roster-2.md
characters	彭达	候选缺独立页（须消歧核验）		169	chapter_1988	characters/roster-2.md
characters	影宗	候选缺独立页（须消歧核验）		1388	chapter_0385	characters/enemy-roster.md
characters	影无邪	候选缺独立页（须消歧核验）		1813	chapter_0974	characters/roster.md
characters	怜香仙子	候选缺独立页（须消歧核验）		5	chapter_0860	characters/roster-2.md
characters	战部渡	候选缺独立页（须消歧核验）		370	chapter_1842	characters/enemy-roster.md;characters/roster-2.md
characters	戚发	候选缺独立页（须消歧核验）		27	chapter_1657	characters/roster-2.md
characters	房家、万家	候选缺独立页（须消歧核验）		2	chapter_1822	characters/enemy-roster.md
characters	房家三巨头	候选缺独立页（须消歧核验）		0		characters/roster-2.md
characters	方槐	候选缺独立页（须消歧核验）		32	chapter_0822	characters/roster-2.md
characters	方正	有独立页（质量未由此证明）	characters/fang-zheng.md	2561	chapter_0002	characters/roster.md
characters	无极魔尊	候选缺独立页（须消歧核验）		322	chapter_0943	characters/enemy-roster.md;characters/roster.md
characters	本多一	候选缺独立页（须消歧核验）		57	chapter_0862	characters/roster-2.md
characters	李然	候选缺独立页（须消歧核验）		180	chapter_0281	characters/roster-2.md
characters	柴火熊、铁心剑、乔波	候选缺独立页（须消歧核验）		0		characters/roster-2.md
characters	楚度	候选缺独立页（须消歧核验）		1151	chapter_0443	characters/roster.md
characters	欧羊公	候选缺独立页（须消歧核验）		33	chapter_0252	characters/roster.md
characters	武庸	有独立页（质量未由此证明）	characters/wu-yong.md	1751	chapter_1228	characters/roster.md
characters	武庸、武家	候选缺独立页（须消歧核验）		0		characters/enemy-roster.md
characters	武独秀	候选缺独立页（须消歧核验）		114	chapter_1228	characters/roster-2.md
characters	毒娘子	候选缺独立页（须消歧核验）		2	chapter_0735	characters/roster-2.md
characters	气绝魔仙	候选缺独立页（须消歧核验）		519	chapter_1335	characters/enemy-roster.md
characters	池曲由、池伤	候选缺独立页（须消歧核验）		0		characters/roster-2.md
characters	沈伤	候选缺独立页（须消歧核验）		459	chapter_1925	characters/roster.md
characters	漠家	候选缺独立页（须消歧核验）		52	chapter_0021	characters/enemy-roster.md
characters	灰骨才子	候选缺独立页（须消歧核验）		27	chapter_0222	characters/roster-2.md
characters	炼九生、碧晨天	候选缺独立页（须消歧核验）		3	chapter_0884	characters/roster-2.md
characters	焚天魔女、黎山仙子	候选缺独立页（须消歧核验）		5	chapter_0951	characters/roster-2.md
characters	狐仙	候选缺独立页（须消歧核验）		1235	chapter_0336	characters/roster-2.md
characters	玉珠子、赵山河、万紫红、朱雀儿	候选缺独立页（须消歧核验）		0		characters/roster-2.md
characters	琅琊地灵	候选缺独立页（须消歧核验）		1943	chapter_0462	characters/roster-2.md
characters	白沧水	候选缺独立页（须消歧核验）		103	chapter_0848	characters/roster-2.md
characters	百足天君	候选缺独立页（须消歧核验）		526	chapter_0737	characters/roster-2.md
characters	石磊	候选缺独立页（须消歧核验）		267	chapter_0680	characters/roster-2.md
characters	砚石老人	候选缺独立页（须消歧核验）		191	chapter_0468	characters/roster.md
characters	秦百胜	候选缺独立页（须消歧核验）		655	chapter_0679	characters/enemy-roster.md;characters/roster.md
characters	糜蓝光	候选缺独立页（须消歧核验）		37	chapter_0841	characters/roster-2.md
characters	紫山真君	候选缺独立页（须消歧核验）		635	chapter_0616	characters/roster.md
characters	紫薇仙子	候选缺独立页（须消歧核验）		1694	chapter_1062	characters/roster.md
characters	耶律群星	候选缺独立页（须消歧核验）		165	chapter_1215	characters/roster.md
characters	舅父一家	候选缺独立页（须消歧核验）		0		characters/enemy-roster.md
characters	花酒行者	候选缺独立页（须消歧核验）		181	chapter_0004	characters/roster.md
characters	苏尚书、苏琪涵、杜志晓、李小白	候选缺独立页（须消歧核验）		0		characters/roster-2.md
characters	萧芒	候选缺独立页（须消歧核验）		116	chapter_0390	characters/roster.md
characters	葛谣	候选缺独立页（须消歧核验）		248	chapter_0427	characters/roster-2.md
characters	董陆沉	候选缺独立页（须消歧核验）		34	chapter_1799	characters/roster-2.md
characters	薄青	候选缺独立页（须消歧核验）		412	chapter_0567	characters/roster.md
characters	袁琼都	候选缺独立页（须消歧核验）		113	chapter_1420	characters/roster.md
characters	贾富、贾贵	候选缺独立页（须消歧核验）		0		characters/enemy-roster.md
characters	贾龙	候选缺独立页（须消歧核验）		50	chapter_0240	characters/roster.md
characters	赤心行者	候选缺独立页（须消歧核验）		121	chapter_1906	characters/roster-2.md
characters	赵怜云	有独立页（质量未由此证明）	characters/zhao-lian-yun.md	1177	chapter_0462	characters/roster.md
characters	连可心、鱼姿、谢凝思	候选缺独立页（须消歧核验）		1	chapter_2000	characters/roster-2.md
characters	邓左岩、万车震	候选缺独立页（须消歧核验）		0		characters/roster-2.md
characters	郑山川	候选缺独立页（须消歧核验）		114	chapter_0834	characters/roster-2.md
characters	金珠子	候选缺独立页（须消歧核验）		11	chapter_1731	characters/roster-2.md
characters	铁血冷	候选缺独立页（须消歧核验）		190	chapter_0058	characters/roster.md
characters	铁血冷、铁若男	候选缺独立页（须消歧核验）		0		characters/enemy-roster.md
characters	长生天	候选缺独立页（须消歧核验）		851	chapter_0427	characters/enemy-roster.md
characters	陆畏因	候选缺独立页（须消歧核验）		802	chapter_1428	characters/roster.md
characters	陈双金	候选缺独立页（须消歧核验）		6	chapter_0248	characters/roster-2.md
characters	雪胡老祖	候选缺独立页（须消歧核验）		573	chapter_0639	characters/roster-2.md
characters	马甲归一入口	候选缺独立页（须消歧核验）		0		characters/roster.md
characters	马英杰、马赵	候选缺独立页（须消歧核验）		0		characters/roster-2.md
characters	马鸿运	候选缺独立页（须消歧核验）		734	chapter_0432	characters/roster.md
characters	鹤风扬	候选缺独立页（须消歧核验）		459	chapter_0212	characters/roster.md
characters	黄史上人	候选缺独立页（须消歧核验）		143	chapter_1423	characters/roster-2.md
characters	黑城	候选缺独立页（须消歧核验）		751	chapter_0515	characters/roster-2.md
characters	黑菟	候选缺独立页（须消歧核验）		91	chapter_1369	characters/roster-2.md
