page	entity_id	cohort	eid_total	auto_verified	human_approved	blocked	unmapped_eids_json	coverage_scope
lore/wiki/characters/bai-ning-bing.md		other_live_wiki_page	17	13	0	4	[]	unique E-IDs extracted from current active Wiki content
lore/wiki/characters/dragon-duke.md		other_live_wiki_page	11	9	0	2	[]	unique E-IDs extracted from current active Wiki content
lore/wiki/characters/enemy-roster.md		other_live_wiki_page	0	0	0	0	[]	unique E-IDs extracted from current active Wiki content
lore/wiki/characters/fang-yuan.md		other_live_wiki_page	171	151	0	20	[]	unique E-IDs extracted from current active Wiki content
lore/wiki/characters/he-lou-lan.md		other_live_wiki_page	41	35	0	6	[]	unique E-IDs extracted from current active Wiki content
lore/wiki/characters/index.md		other_live_wiki_page	0	0	0	0	[]	unique E-IDs extracted from current active Wiki content
lore/wiki/characters/red-lotus.md		other_live_wiki_page	23	23	0	0	[]	unique E-IDs extracted from current active Wiki content
lore/wiki/characters/roster-2.md		other_live_wiki_page	17	16	0	1	[]	unique E-IDs extracted from current active Wiki content
lore/wiki/characters/roster.md		other_live_wiki_page	22	17	0	5	[]	unique E-IDs extracted from current active Wiki content
lore/wiki/characters/star-constellation.md		other_live_wiki_page	26	25	0	1	[]	unique E-IDs extracted from current active Wiki content
lore/wiki/characters/yuan-lian-xian-zun.md		other_live_wiki_page	9	7	0	2	[]	unique E-IDs extracted from current active Wiki content
lore/wiki/events/central-plain-refinement-conference.md		other_live_wiki_page	142	126	0	16	[]	unique E-IDs extracted from current active Wiki content
lore/wiki/events/fate-war.md		other_live_wiki_page	339	298	0	41	[]	unique E-IDs extracted from current active Wiki content
lore/wiki/events/feng-mo-ku.md		other_live_wiki_page	214	201	0	13	[]	unique E-IDs extracted from current active Wiki content
lore/wiki/events/index.md		other_live_wiki_page	0	0	0	0	[]	unique E-IDs extracted from current active Wiki content
lore/wiki/events/langya-blessed-land-invasion.md		other_live_wiki_page	4	2	0	2	[]	unique E-IDs extracted from current active Wiki content
lore/wiki/events/qing-mao-mountain.md		other_live_wiki_page	255	244	0	11	[]	unique E-IDs extracted from current active Wiki content
lore/wiki/events/reverse-flow-river.md		other_live_wiki_page	367	272	0	95	[]	unique E-IDs extracted from current active Wiki content
lore/wiki/events/royal-court.md		other_live_wiki_page	121	100	0	21	[]	unique E-IDs extracted from current active Wiki content
lore/wiki/events/south-caravan.md		other_live_wiki_page	45	24	0	21	[]	unique E-IDs extracted from current active Wiki content
lore/wiki/events/stone-lotus-island-contest.md		other_live_wiki_page	0	0	0	0	[]	unique E-IDs extracted from current active Wiki content
lore/wiki/events/story-arc-overview.md		other_live_wiki_page	11	8	0	3	[]	unique E-IDs extracted from current active Wiki content
lore/wiki/events/three-kings-mountain.md		other_live_wiki_page	36	27	0	9	[]	unique E-IDs extracted from current active Wiki content
lore/wiki/events/true-yang-collapse.md		other_live_wiki_page	61	55	0	6	[]	unique E-IDs extracted from current active Wiki content
lore/wiki/events/wolf-tide.md		other_live_wiki_page	27	24	0	3	[]	unique E-IDs extracted from current active Wiki content
lore/wiki/events/yitian-mountain.md		other_live_wiki_page	194	159	0	35	[]	unique E-IDs extracted from current active Wiki content
lore/wiki/events/zangmeng-ambush.md		other_live_wiki_page	124	107	0	17	[]	unique E-IDs extracted from current active Wiki content
lore/wiki/gu/bear-strength-gu.md	bear_strength_gu	recovered_80	30	28	0	2	[]	unique E-IDs extracted from current active Wiki content
lore/wiki/gu/blood-atk-1-18-gu.md	blood_atk_1_18_gu	recovered_80;recent_40	61	57	0	4	"[""E:V2-035334"", ""E:V2-035484"", ""E:V2-035486"", ""E:V2-035492"", ""E:V2-035494"", ""E:V2-035496"", ""E:V2-035498"", ""E:V2-035504"", ""E:V2-035508"", ""E:V2-035510"", ""E:V2-035512"", ""E:V2-035514"", ""E:V2-035518"", ""E:V2-035548"", ""E:V2-035552"", ""E:V2-035558"", ""E:V2-035564"", ""E:V2-035566"", ""E:V2-035568"", ""E:V2-035572"", ""E:V2-035580"", ""E:V2-035690"", ""E:V2-035940"", ""E:V2-035942"", ""E:V2-035944"", ""E:V2-035950"", ""E:V2-036056"", ""E:V2-036058"", ""E:V2-036130"", ""E:V2-036132"", ""E:V2-041438"", ""E:V2-041440"", ""E:V2-041442"", ""E:V2-041444"", ""E:V2-041450"", ""E:V2-042672"", ""E:V2-042674"", ""E:V2-043166"", ""E:V2-051284"", ""E:V2-051288"", ""E:V2-051612"", ""E:V2-053060"", ""E:V2-053062"", ""E:V2-053860"", ""E:V2-053862"", ""E:V2-055618""]"	unique E-IDs extracted from current active Wiki content
lore/wiki/gu/blood-atk-3-03-gu.md	blood_atk_3_03_gu	recovered_80	26	26	0	0	[]	unique E-IDs extracted from current active Wiki content
lore/wiki/gu/blood-atk-3-11-gu.md	blood_atk_3_11_gu	recovered_80	64	60	0	4	[]	unique E-IDs extracted from current active Wiki content
lore/wiki/gu/blood-atk-5-09-gu.md	blood_atk_5_09_gu	recovered_80;recent_40	68	61	0	7	"[""E:V1-028478"", ""E:V1-028480"", ""E:V1-028486"", ""E:V1-028488"", ""E:V1-031898"", ""E:V1-031904"", ""E:V3-085486"", ""E:V3-085494"", ""E:V3-085496"", ""E:V3-085498"", ""E:V3-085508"", ""E:V3-086520"", ""E:V4-123248"", ""E:V4-130266"", ""E:V4-130270"", ""E:V4-130278"", ""E:V4-130288"", ""E:V4-130294"", ""E:V4-130758"", ""E:V4-131018"", ""E:V4-135054"", ""E:V4-140652"", ""E:V4-149016"", ""E:V4-149030"", ""E:V4-153742"", ""E:V4-153744"", ""E:V4-153758"", ""E:V4-153760"", ""E:V4-153762"", ""E:V4-153764"", ""E:V4-155574"", ""E:V5-196804"", ""E:V5-196814"", ""E:V5-196818"", ""E:V5-196820"", ""E:V5-196822"", ""E:V5-196826"", ""E:V5-196836"", ""E:V5-196838"", ""E:V5-196840"", ""E:V5-198312"", ""E:V5-217462"", ""E:V5-217530"", ""E:V5-217532"", ""E:V5-217534"", ""E:V5-217538"", ""E:V5-231290"", ""E:V5-291312"", ""E:V5-291314"", ""E:V5-291318"", ""E:V5-291320"", ""E:V5-299506"", ""E:V5-341792"", ""E:V6-429246"", ""E:V6-429266"", ""E:V6-429276""]"	unique E-IDs extracted from current active Wiki content
lore/wiki/gu/blood-atk-5-12-gu.md	blood_atk_5_12_gu	recovered_80;recent_40	101	79	0	22	"[""E:V1-006464"", ""E:V1-017780"", ""E:V2-043476"", ""E:V2-043930"", ""E:V4-135906"", ""E:V4-148794"", ""E:V4-167728"", ""E:V5-195258"", ""E:V5-195292"", ""E:V5-195294"", ""E:V5-195296"", ""E:V5-195298"", ""E:V5-195300"", ""E:V5-195302"", ""E:V5-195304"", ""E:V5-195306"", ""E:V5-195310"", ""E:V5-195314"", ""E:V5-195320"", ""E:V5-195322"", ""E:V5-195324"", ""E:V5-195328"", ""E:V5-195332"", ""E:V5-195334"", ""E:V5-195340"", ""E:V5-195342"", ""E:V5-195344"", ""E:V5-195346"", ""E:V5-195348"", ""E:V5-195350"", ""E:V5-195352"", ""E:V5-195354"", ""E:V5-195356"", ""E:V5-195378"", ""E:V5-195382"", ""E:V5-195386"", ""E:V5-195396"", ""E:V5-195438"", ""E:V5-195924"", ""E:V5-195950"", ""E:V5-196034"", ""E:V5-196038"", ""E:V5-196410"", ""E:V5-199796"", ""E:V5-200474"", ""E:V5-207298"", ""E:V5-208846"", ""E:V5-209322"", ""E:V5-211142"", ""E:V5-211154"", ""E:V5-211996"", ""E:V5-212000"", ""E:V5-212030"", ""E:V5-212204"", ""E:V5-214258"", ""E:V5-216280"", ""E:V5-217452"", ""E:V5-217456"", ""E:V5-219702"", ""E:V5-226914"", ""E:V5-226916"", ""E:V5-226918"", ""E:V5-226922"", ""E:V5-227526"", ""E:V5-240926"", ""E:V5-240928"", ""E:V5-240968"", ""E:V5-248852"", ""E:V5-248858"", ""E:V5-248888"", ""E:V5-270960"", ""E:V5-273722"", ""E:V6-386980"", ""E:V6-394272"", ""E:V6-394280"", ""E:V6-394286"", ""E:V6-394288"", ""E:V6-394290"", ""E:V6-394634"", ""E:V6-394690"", ""E:V6-394806"", ""E:V6-399920"", ""E:V6-403170"", ""E:V6-413990"", ""E:V6-429292"", ""E:V6-430434"", ""E:V6-430444"", ""E:V6-433558"", ""E:V6-433562""]"	unique E-IDs extracted from current active Wiki content
lore/wiki/gu/blood-droplet-gu.md	blood_droplet_gu	recovered_80;recent_40	62	60	0	2	"[""E:V1-008068"", ""E:V1-028416"", ""E:V1-028418"", ""E:V1-028424"", ""E:V1-028426"", ""E:V1-028430"", ""E:V1-028452"", ""E:V1-028454"", ""E:V1-028456"", ""E:V1-028464"", ""E:V1-028468"", ""E:V1-028470"", ""E:V1-028478"", ""E:V1-028480"", ""E:V1-028482"", ""E:V1-028486"", ""E:V1-028488"", ""E:V1-028490"", ""E:V1-028494"", ""E:V1-028498"", ""E:V1-028504"", ""E:V1-028506"", ""E:V1-028510"", ""E:V1-028512"", ""E:V1-028516"", ""E:V1-028518"", ""E:V1-028520"", ""E:V1-028522"", ""E:V1-028534"", ""E:V1-028550"", ""E:V1-028564"", ""E:V1-031898"", ""E:V1-031900"", ""E:V1-031902"", ""E:V1-031904"", ""E:V1-031906"", ""E:V1-031914"", ""E:V1-031918"", ""E:V1-031920"", ""E:V1-033210"", ""E:V1-033218"", ""E:V1-033256"", ""E:V1-033278"", ""E:V1-033282"", ""E:V1-033284"", ""E:V1-033320"", ""E:V1-033322"", ""E:V1-033770"", ""E:V4-123242"", ""E:V4-123246"", ""E:V4-123248"", ""E:V5-343982"", ""E:V5-362840""]"	unique E-IDs extracted from current active Wiki content
lore/wiki/gu/blood-farewell-gu.md	blood_farewell_gu	recovered_80;recent_40	39	22	0	17	"[""E:V1-011784"", ""E:V1-011796"", ""E:V1-011798"", ""E:V1-011802"", ""E:V1-011804"", ""E:V1-011806"", ""E:V1-011810"", ""E:V1-011858"", ""E:V1-011860"", ""E:V1-011884"", ""E:V1-011952"", ""E:V1-011954"", ""E:V1-011956"", ""E:V1-011958"", ""E:V1-011960"", ""E:V1-011962"", ""E:V1-011964"", ""E:V1-011966"", ""E:V1-011968"", ""E:V1-011970"", ""E:V1-011972"", ""E:V1-012002"", ""E:V1-012146"", ""E:V1-012150"", ""E:V1-027554"", ""E:V1-027556"", ""E:V5-260676"", ""E:V5-260678"", ""E:V5-260680"", ""E:V5-260682"", ""E:V5-288442"", ""E:V5-288444"", ""E:V5-288446"", ""E:V5-288448"", ""E:V5-288450"", ""E:V5-331060""]"	unique E-IDs extracted from current active Wiki content
lore/wiki/gu/bone-atk-1-08-gu.md	bone_atk_1_08_gu	recovered_80	30	27	0	3	[]	unique E-IDs extracted from current active Wiki content
lore/wiki/gu/bone-def-3-01-gu.md	bone_def_3_01_gu	recovered_80	65	56	0	9	[]	unique E-IDs extracted from current active Wiki content
lore/wiki/gu/bone-def-3-05-gu.md	bone_def_3_05_gu	recovered_80	36	27	0	9	[]	unique E-IDs extracted from current active Wiki content
lore/wiki/gu/cultivator-effects-and-scouting.md		other_live_wiki_page	0	0	0	0	[]	unique E-IDs extracted from current active Wiki content
lore/wiki/gu/dream-atk-5-02-gu.md	dream_atk_5_02_gu	recovered_80;recent_40	49	47	0	2	"[""E:V5-199802"", ""E:V6-396298"", ""E:V6-396300"", ""E:V6-396302"", ""E:V6-396304"", ""E:V6-396306"", ""E:V6-396308"", ""E:V6-396314"", ""E:V6-396328"", ""E:V6-396330"", ""E:V6-396332"", ""E:V6-396882"", ""E:V6-396894"", ""E:V6-396896"", ""E:V6-396898"", ""E:V6-396900"", ""E:V6-396904"", ""E:V6-396906"", ""E:V6-396908"", ""E:V6-397880"", ""E:V6-397882"", ""E:V6-397884"", ""E:V6-397912"", ""E:V6-397948"", ""E:V6-397954"", ""E:V6-397956"", ""E:V6-402206"", ""E:V6-402208"", ""E:V6-402226"", ""E:V6-402244"", ""E:V6-402248"", ""E:V6-402250"", ""E:V6-407262"", ""E:V6-407264"", ""E:V6-407316"", ""E:V6-407330"", ""E:V6-407558"", ""E:V6-407560"", ""E:V6-407562"", ""E:V6-407868"", ""E:V6-407902"", ""E:V6-408010"", ""E:V6-408108"", ""E:V6-408110"", ""E:V6-408376"", ""E:V6-408508""]"	unique E-IDs extracted from current active Wiki content
lore/wiki/gu/earth-atk-5-03-gu.md	earth_atk_5_03_gu	recovered_80;recent_40	58	48	0	10	"[""E:V1-009862"", ""E:V1-009864"", ""E:V1-009866"", ""E:V1-009870"", ""E:V1-009872"", ""E:V1-009874"", ""E:V1-009882"", ""E:V1-009884"", ""E:V1-009886"", ""E:V1-009888"", ""E:V1-009892"", ""E:V1-009894"", ""E:V1-009896"", ""E:V1-009898"", ""E:V1-009900"", ""E:V1-009902"", ""E:V1-009904"", ""E:V1-011086"", ""E:V1-012396"", ""E:V1-012398"", ""E:V1-012760"", ""E:V1-020182"", ""E:V1-020186"", ""E:V1-020194"", ""E:V1-021326"", ""E:V1-021328"", ""E:V1-021440"", ""E:V1-032524"", ""E:V2-039396"", ""E:V2-070226"", ""E:V2-070228"", ""E:V2-070230"", ""E:V2-070232"", ""E:V2-070236"", ""E:V2-070238"", ""E:V2-070242"", ""E:V2-070244"", ""E:V2-070246"", ""E:V2-070248"", ""E:V2-070250"", ""E:V3-078798"", ""E:V3-080150"", ""E:V3-080152"", ""E:V3-080154"", ""E:V3-080156"", ""E:V3-080160"", ""E:V3-080162"", ""E:V3-080164"", ""E:V3-080168"", ""E:V3-080172"", ""E:V3-080182"", ""E:V3-080772"", ""E:V4-129450"", ""E:V4-150652"", ""E:V4-150658""]"	unique E-IDs extracted from current active Wiki content
lore/wiki/gu/earth-def-3-01-gu.md	earth_def_3_01_gu	recovered_80	34	33	0	1	[]	unique E-IDs extracted from current active Wiki content
lore/wiki/gu/fate-gu.md	fate_gu	recovered_80	15	13	0	2	[]	unique E-IDs extracted from current active Wiki content
lore/wiki/gu/fire-atk-2-01-gu.md	fire_atk_2_01_gu	recovered_80	49	45	0	4	[]	unique E-IDs extracted from current active Wiki content
lore/wiki/gu/fire-atk-4-02-gu.md	fire_atk_4_02_gu	recovered_80;recent_40	45	37	0	8	"[""E:V2-050232"", ""E:V2-057856"", ""E:V2-057860"", ""E:V2-057864"", ""E:V2-057868"", ""E:V2-057870"", ""E:V2-057874"", ""E:V2-057884"", ""E:V2-057888"", ""E:V2-057914"", ""E:V2-057936"", ""E:V2-058030"", ""E:V2-058032"", ""E:V2-058034"", ""E:V2-058036"", ""E:V2-061152"", ""E:V2-061154"", ""E:V2-062130"", ""E:V2-070260"", ""E:V2-070262"", ""E:V2-070266"", ""E:V2-070280"", ""E:V3-085188"", ""E:V3-087128"", ""E:V3-087130"", ""E:V3-093786"", ""E:V3-093790"", ""E:V3-093792"", ""E:V3-093834"", ""E:V3-093836"", ""E:V3-093838"", ""E:V3-093844"", ""E:V3-093846"", ""E:V3-093848"", ""E:V3-097618"", ""E:V4-129646"", ""E:V4-129658"", ""E:V4-142958"", ""E:V4-142960"", ""E:V4-142962"", ""E:V4-142964""]"	unique E-IDs extracted from current active Wiki content
lore/wiki/gu/fire-mov-4-39-gu.md	fire_mov_4_39_gu	recovered_80;recent_40	25	24	0	1	"[""E:V1-025960"", ""E:V1-025962"", ""E:V1-025964"", ""E:V1-025966"", ""E:V1-025970"", ""E:V1-032170"", ""E:V2-047022"", ""E:V2-062378"", ""E:V4-150486"", ""E:V4-154984"", ""E:V4-154992"", ""E:V4-154996"", ""E:V4-155142"", ""E:V4-155238"", ""E:V4-155240"", ""E:V6-400312"", ""E:V6-400318"", ""E:V6-404082""]"	unique E-IDs extracted from current active Wiki content
lore/wiki/gu/force-atk-1-05-gu.md	force_atk_1_05_gu	recovered_80	38	31	0	7	[]	unique E-IDs extracted from current active Wiki content
lore/wiki/gu/force-atk-3-29-gu.md	force_atk_3_29_gu	recovered_80;recent_40	86	65	0	21	"[""E:V1-026654"", ""E:V1-026656"", ""E:V1-026658"", ""E:V1-026660"", ""E:V1-026666"", ""E:V1-027296"", ""E:V1-027908"", ""E:V1-027938"", ""E:V1-028620"", ""E:V1-028828"", ""E:V1-028854"", ""E:V1-029154"", ""E:V1-029216"", ""E:V1-029256"", ""E:V1-031734"", ""E:V1-031794"", ""E:V1-032060"", ""E:V1-032300"", ""E:V1-032832"", ""E:V2-034724"", ""E:V2-034726"", ""E:V2-034728"", ""E:V2-034730"", ""E:V2-034732"", ""E:V2-034758"", ""E:V2-034942"", ""E:V2-034976"", ""E:V2-035186"", ""E:V2-035282"", ""E:V2-035438"", ""E:V2-035442"", ""E:V2-035526"", ""E:V2-035550"", ""E:V2-035958"", ""E:V2-036044"", ""E:V2-036232"", ""E:V2-036242"", ""E:V2-036490"", ""E:V2-036514"", ""E:V2-036524"", ""E:V2-040086"", ""E:V2-040136"", ""E:V2-040380"", ""E:V2-040550"", ""E:V2-044928"", ""E:V2-045034"", ""E:V2-045922"", ""E:V2-046214"", ""E:V2-047950"", ""E:V2-047962"", ""E:V2-048072"", ""E:V2-049902"", ""E:V2-049904"", ""E:V2-051164"", ""E:V2-051598"", ""E:V2-051612"", ""E:V2-052920"", ""E:V2-052922"", ""E:V2-052926"", ""E:V2-053442"", ""E:V2-053826"", ""E:V2-053834"", ""E:V2-054778"", ""E:V2-055338"", ""E:V2-055492"", ""E:V2-055500"", ""E:V2-055510"", ""E:V2-055512"", ""E:V2-055824""]"	unique E-IDs extracted from current active Wiki content
lore/wiki/gu/force-atk-4-26-gu.md	force_atk_4_26_gu	recovered_80;recent_40	81	61	0	20	"[""E:V2-040072"", ""E:V2-040074"", ""E:V2-052602"", ""E:V2-052606"", ""E:V2-052962"", ""E:V2-052964"", ""E:V2-052966"", ""E:V2-052968"", ""E:V2-052970"", ""E:V2-052972"", ""E:V2-052974"", ""E:V2-052976"", ""E:V2-052978"", ""E:V2-052980"", ""E:V2-052982"", ""E:V2-052988"", ""E:V2-052990"", ""E:V2-052992"", ""E:V2-052994"", ""E:V2-052996"", ""E:V2-053002"", ""E:V2-053012"", ""E:V2-053070"", ""E:V2-053346"", ""E:V2-053348"", ""E:V2-053360"", ""E:V2-053370"", ""E:V2-053372"", ""E:V2-053374"", ""E:V2-053376"", ""E:V2-053396"", ""E:V2-053420"", ""E:V2-053516"", ""E:V2-053536"", ""E:V2-053544"", ""E:V2-053558"", ""E:V2-055432"", ""E:V2-055482"", ""E:V2-055536"", ""E:V2-058782"", ""E:V2-058792"", ""E:V2-059140"", ""E:V2-059146"", ""E:V2-059154"", ""E:V2-059156"", ""E:V2-059224"", ""E:V2-059386"", ""E:V2-059468"", ""E:V2-061676"", ""E:V2-063812"", ""E:V2-063816"", ""E:V2-063818"", ""E:V2-063838"", ""E:V2-064140"", ""E:V2-064144"", ""E:V2-064150"", ""E:V2-064152"", ""E:V2-064154"", ""E:V2-064156"", ""E:V2-064158"", ""E:V2-064160"", ""E:V2-064162"", ""E:V2-064322"", ""E:V2-065668"", ""E:V2-067036"", ""E:V2-068494"", ""E:V3-080338"", ""E:V3-095066"", ""E:V3-095068"", ""E:V3-095082"", ""E:V3-095102"", ""E:V3-095966"", ""E:V3-095968"", ""E:V3-099774""]"	unique E-IDs extracted from current active Wiki content
lore/wiki/gu/force-atk-4-27-gu.md	force_atk_4_27_gu	recovered_80;recent_40	70	56	0	14	"[""E:V2-035048"", ""E:V2-052606"", ""E:V2-052976"", ""E:V2-052982"", ""E:V2-052984"", ""E:V2-052986"", ""E:V2-052988"", ""E:V2-052990"", ""E:V2-052992"", ""E:V2-052994"", ""E:V2-052996"", ""E:V2-052998"", ""E:V2-053000"", ""E:V2-053002"", ""E:V2-053348"", ""E:V2-053370"", ""E:V2-053374"", ""E:V2-053376"", ""E:V2-053380"", ""E:V2-053396"", ""E:V2-053444"", ""E:V2-053498"", ""E:V2-053516"", ""E:V2-053536"", ""E:V2-053544"", ""E:V2-053556"", ""E:V2-053558"", ""E:V2-055532"", ""E:V2-055534"", ""E:V2-055536"", ""E:V2-055538"", ""E:V2-059172"", ""E:V2-059174"", ""E:V2-059386"", ""E:V2-059468"", ""E:V2-061676"", ""E:V2-063812"", ""E:V2-063814"", ""E:V2-063816"", ""E:V2-063818"", ""E:V2-063838"", ""E:V2-064140"", ""E:V2-064144"", ""E:V2-064150"", ""E:V2-064152"", ""E:V2-064154"", ""E:V2-064156"", ""E:V2-064158"", ""E:V2-064160"", ""E:V2-064162"", ""E:V2-064164"", ""E:V2-064166"", ""E:V2-064322"", ""E:V2-065668"", ""E:V2-067036"", ""E:V2-068494"", ""E:V3-080338"", ""E:V3-095066"", ""E:V3-095068"", ""E:V3-095082"", ""E:V3-095102"", ""E:V3-095966"", ""E:V3-095968"", ""E:V3-099774""]"	unique E-IDs extracted from current active Wiki content
lore/wiki/gu/force-atk-5-20-gu.md	force_atk_5_20_gu	recovered_80;recent_40	92	86	0	6	"[""E:V1-020366"", ""E:V2-042992"", ""E:V2-062072"", ""E:V4-131428"", ""E:V4-132422"", ""E:V4-135058"", ""E:V4-139886"", ""E:V4-140172"", ""E:V4-140648"", ""E:V4-140654"", ""E:V4-141898"", ""E:V4-141900"", ""E:V4-141902"", ""E:V4-141918"", ""E:V4-141922"", ""E:V4-141924"", ""E:V4-141926"", ""E:V4-141928"", ""E:V4-141936"", ""E:V4-142140"", ""E:V4-142158"", ""E:V4-142192"", ""E:V4-142204"", ""E:V4-142206"", ""E:V4-142214"", ""E:V4-142222"", ""E:V4-142224"", ""E:V4-142296"", ""E:V4-142298"", ""E:V4-142300"", ""E:V4-143002"", ""E:V4-143004"", ""E:V4-143008"", ""E:V4-143014"", ""E:V4-143286"", ""E:V4-143364"", ""E:V4-144884"", ""E:V4-156768"", ""E:V4-159038"", ""E:V4-159386"", ""E:V4-172744"", ""E:V4-172796"", ""E:V4-172798"", ""E:V4-172800"", ""E:V4-172824"", ""E:V4-172850"", ""E:V4-172926"", ""E:V4-172946"", ""E:V4-172988"", ""E:V4-173188"", ""E:V4-173210"", ""E:V4-173922"", ""E:V4-178118"", ""E:V4-178386"", ""E:V4-178400"", ""E:V4-178402"", ""E:V4-178442"", ""E:V4-178488"", ""E:V4-178518"", ""E:V4-178526"", ""E:V4-178630"", ""E:V4-178632"", ""E:V4-180100"", ""E:V5-198862"", ""E:V5-199306"", ""E:V5-209130"", ""E:V5-240968"", ""E:V5-290810"", ""E:V5-290820"", ""E:V5-290822"", ""E:V5-292352"", ""E:V5-292358"", ""E:V5-292360"", ""E:V5-304194"", ""E:V5-304196"", ""E:V5-310472"", ""E:V5-310474"", ""E:V5-322842"", ""E:V6-375902"", ""E:V6-425630""]"	unique E-IDs extracted from current active Wiki content
lore/wiki/gu/force-heal-3-03-gu.md	force_heal_3_03_gu	recovered_80;recent_40	70	56	0	14	"[""E:V1-016636"", ""E:V2-052510"", ""E:V2-053792"", ""E:V2-053794"", ""E:V2-053798"", ""E:V2-053800"", ""E:V2-053802"", ""E:V2-053804"", ""E:V2-053808"", ""E:V2-053810"", ""E:V2-053812"", ""E:V2-053814"", ""E:V2-053818"", ""E:V2-053820"", ""E:V2-053840"", ""E:V2-053856"", ""E:V2-053858"", ""E:V2-054696"", ""E:V2-055340"", ""E:V2-055352"", ""E:V2-055354"", ""E:V2-055478"", ""E:V2-055496"", ""E:V2-055500"", ""E:V2-059320"", ""E:V2-059322"", ""E:V2-059326"", ""E:V2-059356"", ""E:V2-059378"", ""E:V2-059382"", ""E:V2-059384"", ""E:V2-059836"", ""E:V2-059838"", ""E:V2-064194"", ""E:V2-067154"", ""E:V2-067544"", ""E:V3-079182"", ""E:V3-079184"", ""E:V3-095066"", ""E:V3-095106"", ""E:V3-095108"", ""E:V3-095110"", ""E:V3-095112"", ""E:V3-095114"", ""E:V3-095956"", ""E:V3-095958"", ""E:V3-095960"", ""E:V3-095962"", ""E:V3-095964"", ""E:V3-095966"", ""E:V4-121164"", ""E:V5-263184"", ""E:V5-292214"", ""E:V5-292216"", ""E:V5-292218"", ""E:V5-292220"", ""E:V5-292222"", ""E:V5-292226"", ""E:V5-292234"", ""E:V5-292352"", ""E:V5-328502""]"	unique E-IDs extracted from current active Wiki content
lore/wiki/gu/force-mov-5-21-gu.md	force_mov_5_21_gu	recovered_80;recent_40	52	42	0	10	"[""E:V3-106854"", ""E:V3-106858"", ""E:V3-107742"", ""E:V3-107760"", ""E:V3-107878"", ""E:V3-109458"", ""E:V3-109460"", ""E:V3-109464"", ""E:V3-109466"", ""E:V3-109468"", ""E:V3-109488"", ""E:V3-109496"", ""E:V3-109512"", ""E:V3-109526"", ""E:V3-109576"", ""E:V3-109584"", ""E:V3-109836"", ""E:V3-109886"", ""E:V3-109888"", ""E:V4-139884"", ""E:V5-199306"", ""E:V5-199336"", ""E:V5-199510"", ""E:V5-203200"", ""E:V5-203210"", ""E:V5-219314"", ""E:V5-223186"", ""E:V5-240968"", ""E:V5-241312"", ""E:V5-241318"", ""E:V5-242144"", ""E:V5-242146"", ""E:V5-242148"", ""E:V5-242154"", ""E:V5-242156"", ""E:V5-242160"", ""E:V5-242162"", ""E:V5-242164"", ""E:V5-242166"", ""E:V5-242168"", ""E:V5-242170"", ""E:V5-242174"", ""E:V5-242176"", ""E:V5-316408"", ""E:V6-375902""]"	unique E-IDs extracted from current active Wiki content
lore/wiki/gu/gold-atk-2-11-gu.md	gold_atk_2_11_gu	recovered_80;recent_40	75	72	0	3	"[""E:V1-009632"", ""E:V1-018210"", ""E:V1-018212"", ""E:V1-018214"", ""E:V1-018222"", ""E:V1-018236"", ""E:V1-018366"", ""E:V1-018424"", ""E:V1-018430"", ""E:V1-018454"", ""E:V1-018510"", ""E:V1-018548"", ""E:V1-018772"", ""E:V1-018796"", ""E:V1-018798"", ""E:V1-018810"", ""E:V1-018812"", ""E:V1-018814"", ""E:V1-018816"", ""E:V1-018818"", ""E:V1-018822"", ""E:V1-018834"", ""E:V1-018840"", ""E:V1-018842"", ""E:V1-020098"", ""E:V1-024192"", ""E:V1-024194"", ""E:V1-024198"", ""E:V1-024206"", ""E:V1-024612"", ""E:V1-024640"", ""E:V1-024642"", ""E:V1-024654"", ""E:V1-024668"", ""E:V1-024842"", ""E:V1-025036"", ""E:V1-026158"", ""E:V1-026184"", ""E:V1-027396"", ""E:V2-066720"", ""E:V3-089442"", ""E:V3-090794"", ""E:V3-090796"", ""E:V3-106426"", ""E:V3-106430"", ""E:V5-333190"", ""E:V5-333202"", ""E:V5-333208"", ""E:V5-333242"", ""E:V5-333248""]"	unique E-IDs extracted from current active Wiki content
lore/wiki/gu/gold-atk-2-12-gu.md	gold_atk_2_12_gu	recovered_80	48	43	0	5	[]	unique E-IDs extracted from current active Wiki content
lore/wiki/gu/gold-atk-4-02-gu.md	gold_atk_4_02_gu	recovered_80;recent_40	43	33	0	10	"[""E:V2-069220"", ""E:V2-069228"", ""E:V2-069236"", ""E:V2-069238"", ""E:V2-070406"", ""E:V2-070408"", ""E:V2-070560"", ""E:V2-070562"", ""E:V2-070574"", ""E:V2-070576"", ""E:V2-070578"", ""E:V2-070580"", ""E:V2-070662"", ""E:V2-073700"", ""E:V2-073702"", ""E:V3-076440"", ""E:V3-076442"", ""E:V3-078880"", ""E:V3-078882"", ""E:V3-078886"", ""E:V3-078888"", ""E:V3-078890"", ""E:V3-078968"", ""E:V3-078974"", ""E:V3-078976"", ""E:V3-079132"", ""E:V3-079682"", ""E:V3-079684"", ""E:V3-079686"", ""E:V3-080270"", ""E:V3-080272"", ""E:V3-080314"", ""E:V3-080348"", ""E:V3-106814"", ""E:V5-215028"", ""E:V5-215030"", ""E:V5-215032"", ""E:V5-217252"", ""E:V5-217254""]"	unique E-IDs extracted from current active Wiki content
lore/wiki/gu/gold-atk-4-14-gu.md	gold_atk_4_14_gu	recovered_80;recent_40	64	56	0	8	"[""E:V2-050910"", ""E:V2-065438"", ""E:V2-065442"", ""E:V2-065446"", ""E:V2-065448"", ""E:V2-065456"", ""E:V2-065460"", ""E:V2-066718"", ""E:V2-066720"", ""E:V2-066722"", ""E:V2-066724"", ""E:V2-066726"", ""E:V2-066728"", ""E:V2-066730"", ""E:V2-066732"", ""E:V2-066734"", ""E:V2-066738"", ""E:V2-070146"", ""E:V2-070148"", ""E:V2-070154"", ""E:V2-070406"", ""E:V3-078000"", ""E:V3-078002"", ""E:V3-078008"", ""E:V3-078010"", ""E:V3-078372"", ""E:V3-086510"", ""E:V3-086516"", ""E:V3-086520"", ""E:V3-087576"", ""E:V3-087578"", ""E:V3-087580"", ""E:V3-090796"", ""E:V3-090844"", ""E:V3-108348"", ""E:V3-108350"", ""E:V3-108408"", ""E:V5-333190"", ""E:V5-333200"", ""E:V5-333202"", ""E:V5-333204"", ""E:V5-333208""]"	unique E-IDs extracted from current active Wiki content
lore/wiki/gu/gold-def-3-09-gu.md	gold_def_3_09_gu	recovered_80;recent_40	34	28	0	6	"[""E:V1-009596"", ""E:V2-038616"", ""E:V2-055820"", ""E:V2-065890"", ""E:V2-065990"", ""E:V2-065992"", ""E:V2-065996"", ""E:V2-066006"", ""E:V2-066016"", ""E:V2-066028"", ""E:V2-066032"", ""E:V2-066038"", ""E:V2-066040"", ""E:V2-066068"", ""E:V2-066072"", ""E:V2-066078"", ""E:V2-067432"", ""E:V2-068478"", ""E:V2-068480"", ""E:V2-068482"", ""E:V2-070404"", ""E:V3-081790"", ""E:V3-084520""]"	unique E-IDs extracted from current active Wiki content
lore/wiki/gu/gu-relations.md		other_live_wiki_page	125	110	0	15	[]	unique E-IDs extracted from current active Wiki content
lore/wiki/gu/heaven-atk-3-10-gu.md	heaven_atk_3_10_gu	recovered_80	34	33	0	1	[]	unique E-IDs extracted from current active Wiki content
lore/wiki/gu/heaven-atk-5-02-gu.md	heaven_atk_5_02_gu	recovered_80;recent_40	36	33	0	3	"[""E:V3-100304"", ""E:V3-100312"", ""E:V3-100320"", ""E:V5-200208"", ""E:V5-202104"", ""E:V5-202106"", ""E:V5-202108"", ""E:V5-283390"", ""E:V5-316310"", ""E:V5-316318"", ""E:V5-316322"", ""E:V5-316326"", ""E:V5-318636"", ""E:V5-318638"", ""E:V5-333540"", ""E:V5-333748"", ""E:V5-349680"", ""E:V5-358096"", ""E:V5-359138"", ""E:V5-361798"", ""E:V5-361800"", ""E:V5-362380"", ""E:V5-362382"", ""E:V5-362384"", ""E:V5-366284"", ""E:V5-366286"", ""E:V5-366290"", ""E:V5-366298"", ""E:V5-366990"", ""E:V5-366994"", ""E:V5-367170"", ""E:V6-406724""]"	unique E-IDs extracted from current active Wiki content
lore/wiki/gu/heaven-atk-5-03-gu.md	heaven_atk_5_03_gu	recovered_80;recent_40	50	47	0	3	"[""E:V4-123576"", ""E:V4-150396"", ""E:V6-402728"", ""E:V6-402734"", ""E:V6-402736"", ""E:V6-402738"", ""E:V6-402740"", ""E:V6-402748"", ""E:V6-402752"", ""E:V6-402756"", ""E:V6-402758"", ""E:V6-402760"", ""E:V6-402762"", ""E:V6-402764"", ""E:V6-402774"", ""E:V6-402788"", ""E:V6-402790"", ""E:V6-402798"", ""E:V6-402804"", ""E:V6-402812"", ""E:V6-402814"", ""E:V6-402816"", ""E:V6-402836"", ""E:V6-402842"", ""E:V6-402844"", ""E:V6-402852"", ""E:V6-402856"", ""E:V6-402858"", ""E:V6-402860"", ""E:V6-402862"", ""E:V6-402870"", ""E:V6-405544"", ""E:V6-405552"", ""E:V6-405562"", ""E:V6-405566"", ""E:V6-405612"", ""E:V6-405614"", ""E:V6-405618"", ""E:V6-405620"", ""E:V6-405624"", ""E:V6-405634"", ""E:V6-405636"", ""E:V6-412082"", ""E:V6-412086"", ""E:V6-412290"", ""E:V6-425508""]"	unique E-IDs extracted from current active Wiki content
lore/wiki/gu/heaven-atk-5-06-gu.md	heaven_atk_5_06_gu	recovered_80;recent_40	65	62	0	3	"[""E:V3-090592"", ""E:V3-090594"", ""E:V3-090598"", ""E:V3-090600"", ""E:V3-090608"", ""E:V3-090610"", ""E:V3-090616"", ""E:V3-090618"", ""E:V3-090628"", ""E:V3-090632"", ""E:V4-122240"", ""E:V4-122244"", ""E:V4-122246"", ""E:V4-122248"", ""E:V4-122250"", ""E:V4-122254"", ""E:V4-122256"", ""E:V4-187026"", ""E:V5-276222"", ""E:V5-276346"", ""E:V5-276366"", ""E:V5-276368"", ""E:V5-276384"", ""E:V5-276400"", ""E:V5-276408"", ""E:V5-276410"", ""E:V5-277426"", ""E:V5-277428"", ""E:V5-277430"", ""E:V5-277566"", ""E:V5-277568"", ""E:V5-277626"", ""E:V6-425508"", ""E:V6-425512"", ""E:V6-434980"", ""E:V6-434996"", ""E:V6-435668"", ""E:V6-435670"", ""E:V6-435686"", ""E:V6-435688"", ""E:V6-435690"", ""E:V6-435692"", ""E:V6-435696"", ""E:V6-435698"", ""E:V6-435700"", ""E:V6-435702"", ""E:V6-435704"", ""E:V6-435706"", ""E:V6-435708"", ""E:V6-435710"", ""E:V6-435712"", ""E:V6-435714"", ""E:V6-435728"", ""E:V6-435944"", ""E:V6-435946"", ""E:V6-436524"", ""E:V6-436526"", ""E:V6-436532"", ""E:V6-436554"", ""E:V6-436560"", ""E:V6-436562"", ""E:V6-436564""]"	unique E-IDs extracted from current active Wiki content
lore/wiki/gu/heaven-atk-5-07-gu.md	heaven_atk_5_07_gu	recovered_80	81	72	0	9	[]	unique E-IDs extracted from current active Wiki content
lore/wiki/gu/human-atk-1-01-gu.md	human_atk_1_01_gu	recovered_80	42	40	0	2	[]	unique E-IDs extracted from current active Wiki content
lore/wiki/gu/human-atk-5-02-gu.md	human_atk_5_02_gu	recovered_80;recent_40	59	52	0	7	"[""E:V3-080522"", ""E:V3-080524"", ""E:V3-100436"", ""E:V3-100442"", ""E:V3-100450"", ""E:V3-100464"", ""E:V3-104388"", ""E:V3-104394"", ""E:V3-104400"", ""E:V3-104406"", ""E:V3-104412"", ""E:V3-104418"", ""E:V3-104890"", ""E:V3-104892"", ""E:V3-104894"", ""E:V3-110734"", ""E:V3-110736"", ""E:V4-141572"", ""E:V4-186800"", ""E:V5-200004"", ""E:V5-200006"", ""E:V5-200008"", ""E:V5-219012"", ""E:V5-219016"", ""E:V5-219018"", ""E:V5-219020"", ""E:V5-219024"", ""E:V5-230242"", ""E:V5-230246"", ""E:V5-230850"", ""E:V5-230856"", ""E:V5-230858"", ""E:V5-231556"", ""E:V5-232352"", ""E:V5-233110"", ""E:V5-233426"", ""E:V5-233806"", ""E:V5-240996"", ""E:V5-304388"", ""E:V5-313144"", ""E:V5-322774"", ""E:V5-366802"", ""E:V5-366812"", ""E:V5-366816"", ""E:V5-366966"", ""E:V6-376550"", ""E:V6-376552"", ""E:V6-396986"", ""E:V6-397054"", ""E:V6-398524"", ""E:V6-425648"", ""E:V6-436486"", ""E:V6-436490""]"	unique E-IDs extracted from current active Wiki content
lore/wiki/gu/human-atk-5-31-gu.md	human_atk_5_31_gu	recovered_80;recent_40	22	18	0	4	"[""E:V2-048412"", ""E:V2-048484"", ""E:V2-071242"", ""E:V2-071314"", ""E:V3-086336"", ""E:V3-086370"", ""E:V3-110734"", ""E:V4-122706"", ""E:V4-122710""]"	unique E-IDs extracted from current active Wiki content
lore/wiki/gu/human-atk-5-34-gu.md	human_atk_5_34_gu	recovered_80;recent_40	77	74	0	3	"[""E:V5-276222"", ""E:V5-306004"", ""E:V5-306252"", ""E:V5-306940"", ""E:V5-308986"", ""E:V5-309124"", ""E:V5-309126"", ""E:V5-309154"", ""E:V5-309670"", ""E:V5-309672"", ""E:V5-309678"", ""E:V5-309680"", ""E:V5-309736"", ""E:V5-309738"", ""E:V5-309740"", ""E:V5-309744"", ""E:V5-309768"", ""E:V5-309772"", ""E:V5-309778"", ""E:V5-309780"", ""E:V5-309782"", ""E:V5-309798"", ""E:V5-309854"", ""E:V5-309858"", ""E:V5-309862"", ""E:V5-310164"", ""E:V5-310166"", ""E:V5-310168"", ""E:V5-310172"", ""E:V5-323860"", ""E:V5-324424"", ""E:V5-329108"", ""E:V5-335638"", ""E:V5-335640"", ""E:V5-351130"", ""E:V5-352086"", ""E:V5-352092"", ""E:V5-352094"", ""E:V5-352218"", ""E:V5-354188"", ""E:V5-354234"", ""E:V5-354236"", ""E:V5-354238"", ""E:V5-354244"", ""E:V5-354246"", ""E:V5-354248"", ""E:V5-354528"", ""E:V5-354754"", ""E:V5-354756"", ""E:V5-355732"", ""E:V5-356126"", ""E:V5-356130"", ""E:V5-356132"", ""E:V5-356160"", ""E:V5-356210"", ""E:V5-356212"", ""E:V5-356222"", ""E:V5-356246"", ""E:V5-366572"", ""E:V6-377176"", ""E:V6-384068"", ""E:V6-384070"", ""E:V6-391032"", ""E:V6-391034"", ""E:V6-394862"", ""E:V6-396030"", ""E:V6-433558"", ""E:V6-433560""]"	unique E-IDs extracted from current active Wiki content
lore/wiki/gu/human-def-1-32-gu.md	human_def_1_32_gu	recovered_80	57	53	0	4	[]	unique E-IDs extracted from current active Wiki content
lore/wiki/gu/index.md		other_live_wiki_page	0	0	0	0	[]	unique E-IDs extracted from current active Wiki content
lore/wiki/gu/jade-skin-gu.md	jade_skin_gu	recovered_80	66	59	0	7	[]	unique E-IDs extracted from current active Wiki content
lore/wiki/gu/light-atk-1-01-gu.md	light_atk_1_01_gu	recovered_80	24	22	0	2	[]	unique E-IDs extracted from current active Wiki content
lore/wiki/gu/light-atk-3-02-gu.md	light_atk_3_02_gu	recovered_80	22	22	0	0	[]	unique E-IDs extracted from current active Wiki content
lore/wiki/gu/light-rec-5-12-gu.md	light_rec_5_12_gu	recovered_80;recent_40	84	76	0	8	"[""E:V3-092960"", ""E:V3-093050"", ""E:V3-093054"", ""E:V3-093068"", ""E:V3-093072"", ""E:V3-093076"", ""E:V3-093088"", ""E:V3-093090"", ""E:V3-094476"", ""E:V3-094482"", ""E:V3-094498"", ""E:V3-094500"", ""E:V3-094598"", ""E:V3-094610"", ""E:V3-104876"", ""E:V4-144918"", ""E:V4-147756"", ""E:V4-147758"", ""E:V4-147820"", ""E:V4-147902"", ""E:V4-148538"", ""E:V4-148548"", ""E:V4-148552"", ""E:V4-148554"", ""E:V4-148974"", ""E:V4-148992"", ""E:V4-149000"", ""E:V4-149002"", ""E:V4-149004"", ""E:V4-149028"", ""E:V4-149044"", ""E:V4-149046"", ""E:V4-149048"", ""E:V4-149050"", ""E:V4-149052"", ""E:V4-149054"", ""E:V4-149382"", ""E:V4-149410"", ""E:V4-149426"", ""E:V4-149432"", ""E:V4-149434"", ""E:V4-149436"", ""E:V4-149438"", ""E:V4-149440"", ""E:V4-149442"", ""E:V4-150254"", ""E:V4-151960"", ""E:V4-151976"", ""E:V4-153732"", ""E:V4-153738"", ""E:V4-154718"", ""E:V4-154720"", ""E:V4-154724"", ""E:V4-154728"", ""E:V4-154732"", ""E:V4-154736"", ""E:V4-156470"", ""E:V4-156472"", ""E:V4-156476"", ""E:V4-156480"", ""E:V4-156486"", ""E:V4-156488"", ""E:V4-156494"", ""E:V4-156528"", ""E:V4-164312"", ""E:V4-164314"", ""E:V4-166586"", ""E:V4-166588"", ""E:V4-173518"", ""E:V4-178184"", ""E:V4-178194"", ""E:V4-179370"", ""E:V4-180000"", ""E:V4-180698"", ""E:V4-180916"", ""E:V4-182524"", ""E:V6-426306"", ""E:V6-427510"", ""E:V6-427532""]"	unique E-IDs extracted from current active Wiki content
lore/wiki/gu/luck-atk-1-03-gu.md	luck_atk_1_03_gu	recovered_80	42	35	0	7	[]	unique E-IDs extracted from current active Wiki content
lore/wiki/gu/luck-atk-5-01-gu.md	luck_atk_5_01_gu	recovered_80;recent_40	60	54	0	6	"[""E:V3-111192"", ""E:V3-114402"", ""E:V3-114420"", ""E:V3-114426"", ""E:V3-114430"", ""E:V3-114432"", ""E:V3-114460"", ""E:V3-114474"", ""E:V3-114502"", ""E:V3-114746"", ""E:V3-114946"", ""E:V3-115140"", ""E:V3-115160"", ""E:V3-115162"", ""E:V3-116266"", ""E:V3-117158"", ""E:V4-139256"", ""E:V4-139270"", ""E:V4-139274"", ""E:V4-139298"", ""E:V4-141142"", ""E:V4-141146"", ""E:V4-141148"", ""E:V4-174430"", ""E:V5-189556"", ""E:V5-194022"", ""E:V5-196708"", ""E:V5-202118"", ""E:V5-210122"", ""E:V5-213032"", ""E:V5-217710"", ""E:V5-230258"", ""E:V5-230260"", ""E:V5-230262"", ""E:V5-230264"", ""E:V5-230272"", ""E:V5-232442"", ""E:V5-232574"", ""E:V5-239944"", ""E:V5-243276"", ""E:V5-243284"", ""E:V5-264508"", ""E:V5-264510"", ""E:V5-264512"", ""E:V5-309984"", ""E:V5-315956"", ""E:V5-316322"", ""E:V5-348070"", ""E:V5-350358"", ""E:V6-394326"", ""E:V6-395802"", ""E:V6-407180"", ""E:V6-427964"", ""E:V6-427966"", ""E:V6-435014""]"	unique E-IDs extracted from current active Wiki content
lore/wiki/gu/luck-atk-5-04-gu.md	luck_atk_5_04_gu	recovered_80;recent_40	50	40	0	10	"[""E:V1-004130"", ""E:V3-091342"", ""E:V5-189406"", ""E:V5-189552"", ""E:V5-189554"", ""E:V5-189556"", ""E:V5-189564"", ""E:V5-194896"", ""E:V5-195858"", ""E:V5-195870"", ""E:V5-195876"", ""E:V5-196338"", ""E:V5-196354"", ""E:V5-196390"", ""E:V5-196392"", ""E:V5-196410"", ""E:V5-196730"", ""E:V5-197186"", ""E:V5-202094"", ""E:V5-202096"", ""E:V5-202114"", ""E:V5-202116"", ""E:V5-202118"", ""E:V5-202988"", ""E:V5-202994"", ""E:V5-203000"", ""E:V5-203292"", ""E:V5-226958"", ""E:V5-230260"", ""E:V5-287378"", ""E:V5-287388"", ""E:V5-310474"", ""E:V5-354130"", ""E:V5-356216"", ""E:V5-356218"", ""E:V5-356236"", ""E:V5-356252"", ""E:V5-356254"", ""E:V6-380722"", ""E:V6-394558"", ""E:V6-394638"", ""E:V6-394640"", ""E:V6-394642"", ""E:V6-394648"", ""E:V6-394654"", ""E:V6-394658"", ""E:V6-429516""]"	unique E-IDs extracted from current active Wiki content
lore/wiki/gu/luck-atk-5-05-gu.md	luck_atk_5_05_gu	recovered_80;recent_40	45	41	0	4	"[""E:V3-104174"", ""E:V3-104598"", ""E:V3-109562"", ""E:V3-112584"", ""E:V3-112586"", ""E:V3-112588"", ""E:V3-112592"", ""E:V3-113076"", ""E:V3-113078"", ""E:V3-113174"", ""E:V3-113188"", ""E:V3-113254"", ""E:V3-113284"", ""E:V3-113286"", ""E:V3-113302"", ""E:V3-113304"", ""E:V3-113310"", ""E:V3-113418"", ""E:V3-113430"", ""E:V3-113440"", ""E:V3-113442"", ""E:V3-118242"", ""E:V3-118304"", ""E:V3-118388"", ""E:V4-126698"", ""E:V4-126706"", ""E:V4-126708"", ""E:V4-126714"", ""E:V4-126724"", ""E:V4-126728"", ""E:V4-126730"", ""E:V4-126736"", ""E:V5-194010"", ""E:V5-194014"", ""E:V5-194016"", ""E:V5-230260"", ""E:V6-375902""]"	unique E-IDs extracted from current active Wiki content
lore/wiki/gu/m0-six-gu.md		other_live_wiki_page	0	0	0	0	[]	unique E-IDs extracted from current active Wiki content
lore/wiki/gu/moon-glow-gu.md	moon_glow_gu	recovered_80	58	56	0	2	[]	unique E-IDs extracted from current active Wiki content
lore/wiki/gu/moon-ray-gu.md	moon_ray_gu	recovered_80	24	24	0	0	[]	unique E-IDs extracted from current active Wiki content
lore/wiki/gu/moon-shadow-gu.md	moon_shadow_gu	recovered_80	22	22	0	0	[]	unique E-IDs extracted from current active Wiki content
lore/wiki/gu/moonlight-gu.md	moonlight_gu	recovered_80	125	123	0	2	[]	unique E-IDs extracted from current active Wiki content
lore/wiki/gu/persistence-gu.md	persistence_gu	recovered_80	2	2	0	0	[]	unique E-IDs extracted from current active Wiki content
lore/wiki/gu/qi-atk-1-01-gu.md	qi_atk_1_01_gu	recovered_80	23	19	0	4	[]	unique E-IDs extracted from current active Wiki content
lore/wiki/gu/qi-mov-4-03-gu.md	qi_mov_4_03_gu	recovered_80;recent_40	46	29	0	17	"[""E:V2-057020"", ""E:V2-057024"", ""E:V2-057026"", ""E:V2-057028"", ""E:V2-057030"", ""E:V2-057032"", ""E:V2-057034"", ""E:V2-057036"", ""E:V2-057038"", ""E:V2-057040"", ""E:V2-057042"", ""E:V2-057046"", ""E:V2-057048"", ""E:V2-057050"", ""E:V2-057052"", ""E:V2-057054"", ""E:V2-057056"", ""E:V2-057058"", ""E:V2-057060"", ""E:V2-057062"", ""E:V2-057068"", ""E:V2-057072"", ""E:V2-057074"", ""E:V2-057076"", ""E:V2-057078"", ""E:V2-057082"", ""E:V2-057084"", ""E:V2-057088"", ""E:V2-057092"", ""E:V2-057094"", ""E:V2-057096"", ""E:V2-059736"", ""E:V2-059738"", ""E:V3-081784"", ""E:V3-095116"", ""E:V3-095118"", ""E:V3-095120"", ""E:V3-095122"", ""E:V3-095124"", ""E:V3-105092"", ""E:V6-430196""]"	unique E-IDs extracted from current active Wiki content
lore/wiki/gu/refine-log-5-02-gu.md	refine_log_5_02_gu	recovered_80;recent_40	80	75	0	5	"[""E:V4-156140"", ""E:V4-169864"", ""E:V5-234350"", ""E:V5-243330"", ""E:V5-267300"", ""E:V5-309938"", ""E:V5-310012"", ""E:V5-310026"", ""E:V5-310042"", ""E:V5-310486"", ""E:V5-310488"", ""E:V5-311608"", ""E:V5-324442"", ""E:V5-327224"", ""E:V5-333614"", ""E:V5-333620"", ""E:V5-335784"", ""E:V5-338546"", ""E:V5-354192"", ""E:V5-354356"", ""E:V5-354448"", ""E:V5-356544"", ""E:V6-394330"", ""E:V6-398258"", ""E:V6-398260"", ""E:V6-429508"", ""E:V6-429516"", ""E:V6-429518"", ""E:V6-429522"", ""E:V6-429524"", ""E:V6-429526"", ""E:V6-429528"", ""E:V6-429530"", ""E:V6-430098"", ""E:V6-430100"", ""E:V6-430104"", ""E:V6-430106"", ""E:V6-430108"", ""E:V6-430110"", ""E:V6-430112"", ""E:V6-430206"", ""E:V6-430424"", ""E:V6-430526"", ""E:V6-430528"", ""E:V6-430530"", ""E:V6-430534"", ""E:V6-430536"", ""E:V6-430614"", ""E:V6-430616"", ""E:V6-430628"", ""E:V6-430630"", ""E:V6-430632"", ""E:V6-430634"", ""E:V6-430642"", ""E:V6-430644"", ""E:V6-430646"", ""E:V6-430648"", ""E:V6-430650"", ""E:V6-430652"", ""E:V6-430654"", ""E:V6-430658"", ""E:V6-430660"", ""E:V6-433554"", ""E:V6-433556"", ""E:V6-433558"", ""E:V6-433560"", ""E:V6-433562"", ""E:V6-433564"", ""E:V6-436546"", ""E:V6-436548"", ""E:V6-436554"", ""E:V6-436560"", ""E:V6-436562"", ""E:V6-436566""]"	unique E-IDs extracted from current active Wiki content
lore/wiki/gu/roster-2.md		other_live_wiki_page	0	0	0	0	[]	unique E-IDs extracted from current active Wiki content
lore/wiki/gu/roster-3.md		other_live_wiki_page	154	133	0	21	[]	unique E-IDs extracted from current active Wiki content
lore/wiki/gu/roster.md		other_live_wiki_page	13	12	0	1	[]	unique E-IDs extracted from current active Wiki content
lore/wiki/gu/slave-atk-1-03-gu.md	slave_atk_1_03_gu	recovered_80	60	46	0	14	[]	unique E-IDs extracted from current active Wiki content
lore/wiki/gu/slave-atk-3-04-gu.md	slave_atk_3_04_gu	recovered_80	74	63	0	11	[]	unique E-IDs extracted from current active Wiki content
lore/wiki/gu/slave-atk-4-02-gu.md	slave_atk_4_02_gu	recovered_80;recent_40	41	34	0	7	"[""E:V1-025952"", ""E:V2-035504"", ""E:V3-081836"", ""E:V3-083658"", ""E:V3-083876"", ""E:V3-085464"", ""E:V3-085468"", ""E:V3-085470"", ""E:V3-085472"", ""E:V4-122890"", ""E:V4-129374"", ""E:V4-145384"", ""E:V4-145560"", ""E:V4-145562"", ""E:V4-145564"", ""E:V4-179158"", ""E:V5-202280"", ""E:V5-223622"", ""E:V5-223624""]"	unique E-IDs extracted from current active Wiki content
lore/wiki/gu/slave-atk-5-01-gu.md	slave_atk_5_01_gu	recovered_80;recent_40	53	46	0	7	"[""E:V2-061434"", ""E:V2-064754"", ""E:V2-064756"", ""E:V2-071306"", ""E:V2-071314"", ""E:V2-071718"", ""E:V2-071720"", ""E:V2-071722"", ""E:V2-071724"", ""E:V2-071740"", ""E:V2-071764"", ""E:V2-074106"", ""E:V2-074152"", ""E:V2-074222"", ""E:V2-074228"", ""E:V2-074230"", ""E:V2-074232"", ""E:V2-074236"", ""E:V2-074238"", ""E:V2-074240"", ""E:V2-074292"", ""E:V2-074294"", ""E:V3-075592"", ""E:V3-078296"", ""E:V3-078298"", ""E:V3-078300"", ""E:V3-078302"", ""E:V3-078304"", ""E:V3-089126"", ""E:V3-090584"", ""E:V3-090586"", ""E:V3-090588"", ""E:V3-091156"", ""E:V3-091158"", ""E:V3-091164"", ""E:V3-106790"", ""E:V4-122104"", ""E:V4-178518"", ""E:V4-178918"", ""E:V4-179118"", ""E:V4-179168"", ""E:V4-179170"", ""E:V4-181480"", ""E:V6-375902""]"	unique E-IDs extracted from current active Wiki content
lore/wiki/gu/small-light-gu.md	small_light_gu	recovered_80	39	32	0	7	[]	unique E-IDs extracted from current active Wiki content
lore/wiki/gu/soul-atk-1-02-gu.md	soul_atk_1_02_gu	recovered_80	75	71	0	4	[]	unique E-IDs extracted from current active Wiki content
lore/wiki/gu/soul-atk-5-01-gu.md	soul_atk_5_01_gu	recovered_80;recent_40	43	39	0	4	"[""E:V5-226902"", ""E:V5-227566"", ""E:V5-249834"", ""E:V5-249992"", ""E:V5-250454"", ""E:V5-250476"", ""E:V5-250478"", ""E:V5-250480"", ""E:V5-250482"", ""E:V5-250486"", ""E:V5-250498"", ""E:V5-250648"", ""E:V5-250654"", ""E:V5-250792"", ""E:V5-254540"", ""E:V5-254542"", ""E:V5-256276"", ""E:V5-257978"", ""E:V5-258000"", ""E:V5-258012"", ""E:V5-258336"", ""E:V5-258826"", ""E:V5-258846"", ""E:V5-258894"", ""E:V5-258978"", ""E:V5-262356"", ""E:V5-264104"", ""E:V5-264338"", ""E:V5-264454"", ""E:V5-265796"", ""E:V5-271090"", ""E:V5-271120"", ""E:V5-286668"", ""E:V5-286670"", ""E:V5-291648"", ""E:V5-294794"", ""E:V5-305216"", ""E:V5-345472"", ""E:V5-345688"", ""E:V6-375902"", ""E:V6-400214""]"	unique E-IDs extracted from current active Wiki content
lore/wiki/gu/spring-autumn-cicada-gu.md	spring_autumn_cicada_gu	recovered_80	132	130	0	2	[]	unique E-IDs extracted from current active Wiki content
lore/wiki/gu/stone-shell-gu.md	stone_shell_gu	recovered_80	41	40	0	1	[]	unique E-IDs extracted from current active Wiki content
lore/wiki/gu/sword-atk-4-01-gu.md	sword_atk_4_01_gu	recovered_80	38	37	0	1	[]	unique E-IDs extracted from current active Wiki content
lore/wiki/gu/sword-atk-5-02-gu.md	sword_atk_5_02_gu	recovered_80;recent_40	66	56	0	10	"[""E:V4-125640"", ""E:V4-182356"", ""E:V4-182386"", ""E:V4-182394"", ""E:V4-182396"", ""E:V4-182398"", ""E:V4-182400"", ""E:V4-182402"", ""E:V4-182404"", ""E:V4-182472"", ""E:V5-190078"", ""E:V5-190080"", ""E:V5-190082"", ""E:V5-190154"", ""E:V5-191372"", ""E:V5-191432"", ""E:V5-191440"", ""E:V5-191954"", ""E:V5-191956"", ""E:V5-191958"", ""E:V5-191960"", ""E:V5-191984"", ""E:V5-191986"", ""E:V5-191988"", ""E:V5-191990"", ""E:V5-191996"", ""E:V5-194456"", ""E:V5-194460"", ""E:V5-194462"", ""E:V5-194464"", ""E:V5-194466"", ""E:V5-194482"", ""E:V5-194484"", ""E:V5-194562"", ""E:V5-199792"", ""E:V5-199992"", ""E:V5-203764"", ""E:V5-203772"", ""E:V5-203778"", ""E:V5-203780"", ""E:V5-203786"", ""E:V5-203794"", ""E:V5-203800"", ""E:V5-203814"", ""E:V5-206496"", ""E:V5-208406"", ""E:V5-208408"", ""E:V5-208420"", ""E:V5-208434"", ""E:V5-208438"", ""E:V5-208480"", ""E:V5-209992"", ""E:V5-209994"", ""E:V5-209996"", ""E:V5-210000"", ""E:V5-210002"", ""E:V5-213922"", ""E:V5-240966"", ""E:V5-242852"", ""E:V5-273790""]"	unique E-IDs extracted from current active Wiki content
lore/wiki/gu/vitality-grass-gu.md	vitality_grass_gu	recovered_80	68	53	0	15	[]	unique E-IDs extracted from current active Wiki content
lore/wiki/gu/water-atk-3-06-gu.md	water_atk_3_06_gu	recovered_80	39	31	0	8	[]	unique E-IDs extracted from current active Wiki content
lore/wiki/gu/water-atk-3-07-gu.md	water_atk_3_07_gu	recovered_80;recent_40	38	36	0	2	"[""E:V1-022906"", ""E:V1-022908"", ""E:V1-022910"", ""E:V1-022922"", ""E:V1-022924"", ""E:V1-022926"", ""E:V1-022928"", ""E:V1-022930"", ""E:V1-022932"", ""E:V1-023656"", ""E:V1-023886"", ""E:V1-023888"", ""E:V1-023890"", ""E:V1-023896"", ""E:V1-024158"", ""E:V1-024246"", ""E:V1-024248"", ""E:V1-024250"", ""E:V1-028814"", ""E:V1-028816"", ""E:V1-028818"", ""E:V1-028820"", ""E:V1-028824"", ""E:V1-028826"", ""E:V1-032692"", ""E:V2-040810"", ""E:V5-261936"", ""E:V5-261938"", ""E:V5-261954"", ""E:V5-261956"", ""E:V5-261996"", ""E:V5-262032"", ""E:V5-315250"", ""E:V6-372408""]"	unique E-IDs extracted from current active Wiki content
lore/wiki/gu/water-rec-5-04-gu.md	water_rec_5_04_gu	recovered_80;recent_40	92	83	0	9	"[""E:V3-079246"", ""E:V3-079258"", ""E:V3-079260"", ""E:V3-079262"", ""E:V3-079264"", ""E:V3-079704"", ""E:V3-104282"", ""E:V3-104626"", ""E:V3-119606"", ""E:V3-119652"", ""E:V3-119654"", ""E:V3-119664"", ""E:V3-119666"", ""E:V3-119670"", ""E:V3-119672"", ""E:V3-119674"", ""E:V3-120240"", ""E:V4-121158"", ""E:V4-123316"", ""E:V4-123318"", ""E:V4-123320"", ""E:V4-123344"", ""E:V4-124532"", ""E:V4-124554"", ""E:V4-125536"", ""E:V4-125546"", ""E:V4-125596"", ""E:V4-125640"", ""E:V4-125750"", ""E:V4-125768"", ""E:V4-125770"", ""E:V4-125772"", ""E:V4-125774"", ""E:V4-125776"", ""E:V4-125780"", ""E:V4-125812"", ""E:V4-126348"", ""E:V4-126382"", ""E:V4-126386"", ""E:V4-127516"", ""E:V4-127950"", ""E:V4-130702"", ""E:V4-130706"", ""E:V4-130720"", ""E:V4-130724"", ""E:V4-130726"", ""E:V4-131256"", ""E:V4-131276"", ""E:V4-131278"", ""E:V4-131280"", ""E:V4-131282"", ""E:V4-134848"", ""E:V4-134850"", ""E:V4-134852"", ""E:V4-134856"", ""E:V4-136916"", ""E:V4-137168"", ""E:V4-137182"", ""E:V4-137628"", ""E:V4-137630"", ""E:V4-137634"", ""E:V4-137638"", ""E:V4-137774"", ""E:V4-137778"", ""E:V4-137780"", ""E:V4-137838"", ""E:V4-137848"", ""E:V4-137850"", ""E:V4-137956"", ""E:V4-137960"", ""E:V4-138002"", ""E:V4-138004"", ""E:V4-138034"", ""E:V4-138150"", ""E:V4-138156"", ""E:V4-138398"", ""E:V4-138694"", ""E:V4-138910"", ""E:V4-139166"", ""E:V4-140426"", ""E:V4-140428"", ""E:V4-140430"", ""E:V4-140666"", ""E:V4-154948"", ""E:V4-154950"", ""E:V4-176364""]"	unique E-IDs extracted from current active Wiki content
lore/wiki/gu/white-boar-strength-gu.md	white_boar_strength_gu	recovered_80	75	63	0	12	[]	unique E-IDs extracted from current active Wiki content
lore/wiki/gu/white-jade-gu.md	white_jade_gu	recovered_80	56	44	0	12	[]	unique E-IDs extracted from current active Wiki content
lore/wiki/gu/wind-mov-4-04-gu.md	wind_mov_4_04_gu	recovered_80;recent_40	25	19	0	6	"[""E:V2-059082"", ""E:V2-059084"", ""E:V2-059086"", ""E:V2-059150"", ""E:V2-059256"", ""E:V2-059258"", ""E:V2-059388"", ""E:V2-059390"", ""E:V2-059462"", ""E:V2-059466"", ""E:V2-059468"", ""E:V2-059556"", ""E:V2-059558"", ""E:V2-059572"", ""E:V2-059576"", ""E:V2-059682"", ""E:V2-059684"", ""E:V2-059686"", ""E:V5-198100"", ""E:V5-203466"", ""E:V5-221390""]"	unique E-IDs extracted from current active Wiki content
lore/wiki/gu/wine-insect-gu.md	wine_insect_gu	recovered_80	184	170	0	14	[]	unique E-IDs extracted from current active Wiki content
lore/wiki/gu/wisdom-atk-5-05-gu.md	wisdom_atk_5_05_gu	recovered_80;recent_40	75	71	0	4	"[""E:V4-125774"", ""E:V4-182356"", ""E:V4-182386"", ""E:V4-182394"", ""E:V4-182404"", ""E:V4-182472"", ""E:V4-182474"", ""E:V4-182478"", ""E:V4-182480"", ""E:V4-182518"", ""E:V4-182520"", ""E:V4-183420"", ""E:V4-183422"", ""E:V4-186800"", ""E:V4-186802"", ""E:V4-186808"", ""E:V4-186820"", ""E:V4-187670"", ""E:V5-191374"", ""E:V5-199796"", ""E:V5-199992"", ""E:V5-200002"", ""E:V5-200004"", ""E:V5-200006"", ""E:V5-200008"", ""E:V5-200010"", ""E:V5-200012"", ""E:V5-200016"", ""E:V5-200018"", ""E:V5-200022"", ""E:V5-200024"", ""E:V5-200032"", ""E:V5-200034"", ""E:V5-209680"", ""E:V5-209682"", ""E:V5-215922"", ""E:V5-217588"", ""E:V5-227640"", ""E:V5-240964"", ""E:V5-240994"", ""E:V5-240996"", ""E:V5-241304"", ""E:V5-241846"", ""E:V5-241848"", ""E:V5-243306"", ""E:V5-273336"", ""E:V5-273340"", ""E:V5-273342"", ""E:V5-273524"", ""E:V5-273790"", ""E:V5-275160"", ""E:V5-275162"", ""E:V5-275164"", ""E:V5-275166"", ""E:V5-292584"", ""E:V5-292588"", ""E:V5-292590"", ""E:V5-292592"", ""E:V5-292594"", ""E:V5-299528"", ""E:V5-299564"", ""E:V5-302288"", ""E:V5-303616"", ""E:V5-303618"", ""E:V5-303624"", ""E:V5-326276"", ""E:V5-337250"", ""E:V5-337252"", ""E:V5-338526"", ""E:V6-377176""]"	unique E-IDs extracted from current active Wiki content
lore/wiki/gu/wisdom-gu.md	wisdom_gu	recovered_80	82	74	0	8	[]	unique E-IDs extracted from current active Wiki content
lore/wiki/gu/wood-atk-1-05-gu.md	wood_atk_1_05_gu	recovered_80	31	29	0	2	[]	unique E-IDs extracted from current active Wiki content
lore/wiki/gu/wood-atk-3-01-gu.md	wood_atk_3_01_gu	recovered_80	44	38	0	6	[]	unique E-IDs extracted from current active Wiki content
lore/wiki/gu/wood-heal-3-03-gu.md	wood_heal_3_03_gu	recovered_80;recent_40	37	36	0	1	"[""E:V1-003692"", ""E:V1-003694"", ""E:V1-003784"", ""E:V1-028312"", ""E:V1-028358"", ""E:V2-067076"", ""E:V2-067078"", ""E:V2-067082"", ""E:V2-067084"", ""E:V2-067086"", ""E:V2-067088"", ""E:V2-067090"", ""E:V2-067180"", ""E:V2-067182"", ""E:V2-067184"", ""E:V3-079326"", ""E:V3-079328"", ""E:V3-079330"", ""E:V3-079332"", ""E:V3-079334"", ""E:V3-079336"", ""E:V3-079338"", ""E:V3-079376"", ""E:V3-088232"", ""E:V3-088234"", ""E:V3-088236"", ""E:V3-088238"", ""E:V3-097730"", ""E:V3-097736"", ""E:V5-194216"", ""E:V5-194220"", ""E:V5-194224"", ""E:V5-194228"", ""E:V5-194230"", ""E:V5-194234"", ""E:V5-194236""]"	unique E-IDs extracted from current active Wiki content
lore/wiki/rules/dao-marks.md		other_live_wiki_page	79	71	0	8	[]	unique E-IDs extracted from current active Wiki content
lore/wiki/rules/dream-path.md		other_live_wiki_page	25	22	0	3	[]	unique E-IDs extracted from current active Wiki content
lore/wiki/rules/index.md		other_live_wiki_page	0	0	0	0	[]	unique E-IDs extracted from current active Wiki content
lore/wiki/rules/killer-moves.md		other_live_wiki_page	152	133	0	19	[]	unique E-IDs extracted from current active Wiki content
lore/wiki/rules/path-realms.md		other_live_wiki_page	38	35	0	3	[]	unique E-IDs extracted from current active Wiki content
lore/wiki/rules/refinement.md		other_live_wiki_page	99	88	0	11	[]	unique E-IDs extracted from current active Wiki content
lore/wiki/rules/tribulation.md		other_live_wiki_page	63	57	0	6	[]	unique E-IDs extracted from current active Wiki content
lore/wiki/rules/venerables.md		other_live_wiki_page	47	42	0	5	[]	unique E-IDs extracted from current active Wiki content
lore/wiki/themes/fate.md		other_live_wiki_page	6	5	0	1	[]	unique E-IDs extracted from current active Wiki content
lore/wiki/themes/freedom.md		other_live_wiki_page	0	0	0	0	[]	unique E-IDs extracted from current active Wiki content
lore/wiki/themes/immortality.md		other_live_wiki_page	9	9	0	0	[]	unique E-IDs extracted from current active Wiki content
lore/wiki/themes/index.md		other_live_wiki_page	0	0	0	0	[]	unique E-IDs extracted from current active Wiki content
lore/wiki/themes/persistence.md		other_live_wiki_page	0	0	0	0	[]	unique E-IDs extracted from current active Wiki content
lore/wiki/themes/philosophy.md		other_live_wiki_page	39	34	0	5	[]	unique E-IDs extracted from current active Wiki content
lore/wiki/themes/power-and-interest.md		other_live_wiki_page	0	0	0	0	[]	unique E-IDs extracted from current active Wiki content
lore/wiki/themes/ren-zu-zhuan.md		other_live_wiki_page	0	0	0	0	[]	unique E-IDs extracted from current active Wiki content
lore/wiki/world/aptitude-and-aperture.md		other_live_wiki_page	27	24	0	3	[]	unique E-IDs extracted from current active Wiki content
lore/wiki/world/beast-tide.md		other_live_wiki_page	0	0	0	0	[]	unique E-IDs extracted from current active Wiki content
lore/wiki/world/blade-path.md		other_live_wiki_page	0	0	0	0	[]	unique E-IDs extracted from current active Wiki content
lore/wiki/world/blood-path.md		other_live_wiki_page	0	0	0	0	[]	unique E-IDs extracted from current active Wiki content
lore/wiki/world/bone-path.md		other_live_wiki_page	0	0	0	0	[]	unique E-IDs extracted from current active Wiki content
lore/wiki/world/central-plain.md		other_live_wiki_page	0	0	0	0	[]	unique E-IDs extracted from current active Wiki content
lore/wiki/world/charm-path.md		other_live_wiki_page	0	0	0	0	[]	unique E-IDs extracted from current active Wiki content
lore/wiki/world/cloud-path.md		other_live_wiki_page	0	0	0	0	[]	unique E-IDs extracted from current active Wiki content
lore/wiki/world/cultivation-system.md		other_live_wiki_page	31	24	0	7	[]	unique E-IDs extracted from current active Wiki content
lore/wiki/world/dark-path.md		other_live_wiki_page	0	0	0	0	[]	unique E-IDs extracted from current active Wiki content
lore/wiki/world/earth-path.md		other_live_wiki_page	0	0	0	0	[]	unique E-IDs extracted from current active Wiki content
lore/wiki/world/east-sea.md		other_live_wiki_page	0	0	0	0	[]	unique E-IDs extracted from current active Wiki content
lore/wiki/world/economy-roster.md		other_live_wiki_page	5	4	0	1	[]	unique E-IDs extracted from current active Wiki content
lore/wiki/world/emotion-path.md		other_live_wiki_page	0	0	0	0	[]	unique E-IDs extracted from current active Wiki content
lore/wiki/world/enslavement-path.md		other_live_wiki_page	0	0	0	0	[]	unique E-IDs extracted from current active Wiki content
lore/wiki/world/fire-path.md		other_live_wiki_page	0	0	0	0	[]	unique E-IDs extracted from current active Wiki content
lore/wiki/world/food-path.md		other_live_wiki_page	0	0	0	0	[]	unique E-IDs extracted from current active Wiki content
lore/wiki/world/formation-path.md		other_live_wiki_page	0	0	0	0	[]	unique E-IDs extracted from current active Wiki content
lore/wiki/world/gu-care-and-refinement.md		other_live_wiki_page	13	9	0	4	[]	unique E-IDs extracted from current active Wiki content
lore/wiki/world/gu-refine-killer-chain.md		other_live_wiki_page	1	0	0	1	[]	unique E-IDs extracted from current active Wiki content
lore/wiki/world/heavenly-court.md		other_live_wiki_page	32	31	0	1	[]	unique E-IDs extracted from current active Wiki content
lore/wiki/world/ice-path.md		other_live_wiki_page	0	0	0	0	[]	unique E-IDs extracted from current active Wiki content
lore/wiki/world/illusion-path.md		other_live_wiki_page	0	0	0	0	[]	unique E-IDs extracted from current active Wiki content
lore/wiki/world/index.md		other_live_wiki_page	0	0	0	0	[]	unique E-IDs extracted from current active Wiki content
lore/wiki/world/information-path.md		other_live_wiki_page	0	0	0	0	[]	unique E-IDs extracted from current active Wiki content
lore/wiki/world/kill-move-roster.md		other_live_wiki_page	14	14	0	0	[]	unique E-IDs extracted from current active Wiki content
lore/wiki/world/light-path.md		other_live_wiki_page	0	0	0	0	[]	unique E-IDs extracted from current active Wiki content
lore/wiki/world/lightning-path.md		other_live_wiki_page	0	0	0	0	[]	unique E-IDs extracted from current active Wiki content
lore/wiki/world/longevity-heaven.md		other_live_wiki_page	23	21	0	2	[]	unique E-IDs extracted from current active Wiki content
lore/wiki/world/luck-path.md		other_live_wiki_page	0	0	0	0	[]	unique E-IDs extracted from current active Wiki content
lore/wiki/world/map-roster.md		other_live_wiki_page	3	2	0	1	[]	unique E-IDs extracted from current active Wiki content
lore/wiki/world/metal-path.md		other_live_wiki_page	0	0	0	0	[]	unique E-IDs extracted from current active Wiki content
lore/wiki/world/north-plain.md		other_live_wiki_page	30	29	0	1	[]	unique E-IDs extracted from current active Wiki content
lore/wiki/world/painting-path.md		other_live_wiki_page	0	0	0	0	[]	unique E-IDs extracted from current active Wiki content
lore/wiki/world/path-roster.md		other_live_wiki_page	1	1	0	0	[]	unique E-IDs extracted from current active Wiki content
lore/wiki/world/pill-path.md		other_live_wiki_page	0	0	0	0	[]	unique E-IDs extracted from current active Wiki content
lore/wiki/world/poison-path.md		other_live_wiki_page	0	0	0	0	[]	unique E-IDs extracted from current active Wiki content
lore/wiki/world/primeval-essence.md		other_live_wiki_page	17	17	0	0	[]	unique E-IDs extracted from current active Wiki content
lore/wiki/world/qi-path.md		other_live_wiki_page	0	0	0	0	[]	unique E-IDs extracted from current active Wiki content
lore/wiki/world/refinement-path.md		other_live_wiki_page	0	0	0	0	[]	unique E-IDs extracted from current active Wiki content
lore/wiki/world/restriction-path.md		other_live_wiki_page	0	0	0	0	[]	unique E-IDs extracted from current active Wiki content
lore/wiki/world/rule-path.md		other_live_wiki_page	0	0	0	0	[]	unique E-IDs extracted from current active Wiki content
lore/wiki/world/shadow-sect.md		other_live_wiki_page	38	36	0	2	[]	unique E-IDs extracted from current active Wiki content
lore/wiki/world/soldier-path.md		other_live_wiki_page	0	0	0	0	[]	unique E-IDs extracted from current active Wiki content
lore/wiki/world/soul-path.md		other_live_wiki_page	10	10	0	0	[]	unique E-IDs extracted from current active Wiki content
lore/wiki/world/sound-path.md		other_live_wiki_page	0	0	0	0	[]	unique E-IDs extracted from current active Wiki content
lore/wiki/world/south-jiang.md		other_live_wiki_page	0	0	0	0	[]	unique E-IDs extracted from current active Wiki content
lore/wiki/world/space-path.md		other_live_wiki_page	0	0	0	0	[]	unique E-IDs extracted from current active Wiki content
lore/wiki/world/star-path.md		other_live_wiki_page	0	0	0	0	[]	unique E-IDs extracted from current active Wiki content
lore/wiki/world/strength-path.md		other_live_wiki_page	0	0	0	0	[]	unique E-IDs extracted from current active Wiki content
lore/wiki/world/sword-path.md		other_live_wiki_page	0	0	0	0	[]	unique E-IDs extracted from current active Wiki content
lore/wiki/world/ten-ancient-sects.md		other_live_wiki_page	0	0	0	0	[]	unique E-IDs extracted from current active Wiki content
lore/wiki/world/theft-path.md		other_live_wiki_page	0	0	0	0	[]	unique E-IDs extracted from current active Wiki content
lore/wiki/world/time-path.md		other_live_wiki_page	0	0	0	0	[]	unique E-IDs extracted from current active Wiki content
lore/wiki/world/transformation-path.md		other_live_wiki_page	0	0	0	0	[]	unique E-IDs extracted from current active Wiki content
lore/wiki/world/visual-central-plain.md		other_live_wiki_page	0	0	0	0	[]	unique E-IDs extracted from current active Wiki content
lore/wiki/world/visual-frontier.md		other_live_wiki_page	0	0	0	0	[]	unique E-IDs extracted from current active Wiki content
lore/wiki/world/visual-late-era.md		other_live_wiki_page	0	0	0	0	[]	unique E-IDs extracted from current active Wiki content
lore/wiki/world/visual-nanjiang-shangjia.md		other_live_wiki_page	0	0	0	0	[]	unique E-IDs extracted from current active Wiki content
lore/wiki/world/visual-qing-mao.md		other_live_wiki_page	0	0	0	0	[]	unique E-IDs extracted from current active Wiki content
lore/wiki/world/void-path.md		other_live_wiki_page	0	0	0	0	[]	unique E-IDs extracted from current active Wiki content
lore/wiki/world/water-path.md		other_live_wiki_page	0	0	0	0	[]	unique E-IDs extracted from current active Wiki content
lore/wiki/world/west-desert.md		other_live_wiki_page	0	0	0	0	[]	unique E-IDs extracted from current active Wiki content
lore/wiki/world/wind-path.md		other_live_wiki_page	0	0	0	0	[]	unique E-IDs extracted from current active Wiki content
lore/wiki/world/wisdom-path.md		other_live_wiki_page	0	0	0	0	[]	unique E-IDs extracted from current active Wiki content
lore/wiki/world/wood-path.md		other_live_wiki_page	0	0	0	0	[]	unique E-IDs extracted from current active Wiki content
lore/wiki/world/world-operating-system.md		other_live_wiki_page	0	0	0	0	[]	unique E-IDs extracted from current active Wiki content
lore/wiki/world/zangmeng.md		other_live_wiki_page	6	3	0	3	[]	unique E-IDs extracted from current active Wiki content
