chapter_id	chapter_title	epub_locator	has_eid	wiki_referenced
chapter_0000	序：不是走向成功，就是走向毁灭	EPUB:chapter_0000	false	false
chapter_0047	第一，第一！求三江票！！	EPUB:chapter_0047	false	false
chapter_0054	第五十三节：方源就任命你为班头	EPUB:chapter_0054	false	false
chapter_0061	第六十节：影灭壁破现甬道，魔道传承岂易	EPUB:chapter_0061	false	false
chapter_0062	第六十节：壁破现甬道，传承岂易与？	EPUB:chapter_0062	false	false
chapter_0103	第一百零二节:冬风吹来春天	EPUB:chapter_0103	false	false
chapter_0118	第一百一十七节：苦贝酒和吞江蟾	EPUB:chapter_0118	false	false
chapter_0119	第一百一十八节：吞江蟾的传说	EPUB:chapter_0119	false	false
chapter_0121	第一百二十节：得来全不费工夫	EPUB:chapter_0121	false	false
chapter_0132	第一百三十一节：孤独是最深邃的黑暗	EPUB:chapter_0132	false	false
chapter_0133	第一百三十二节：三步芳草	EPUB:chapter_0133	false	false
chapter_0139	第一百三十八节：居然有人追着白凝冰杀？	EPUB:chapter_0139	false	false
chapter_0152	第一百五十一节：魔性	EPUB:chapter_0152	false	false
chapter_0155	第一百五十四节：气得吐血	EPUB:chapter_0155	false	false
chapter_0172	第一百七十一节：骨子里的魔性	EPUB:chapter_0172	false	false
chapter_0173	第一百七十二节：非方源莫属！	EPUB:chapter_0173	false	false
chapter_0175	第一百七十四节：小神捕	EPUB:chapter_0175	false	false
chapter_0179	第一百七十八节：黑白灰	EPUB:chapter_0179	false	false
chapter_0180	第一百七十九节：历史由人书写	EPUB:chapter_0180	false	false
chapter_0181	第一百八十节：再看开窍大典	EPUB:chapter_0181	false	false
chapter_0182	第一百八十一节：阴差阳错（大章）	EPUB:chapter_0182	false	false
chapter_0185	第一百八十四节：五转激战	EPUB:chapter_0185	false	false
chapter_0187	第一百八十六节：春秋不出	EPUB:chapter_0187	false	false
chapter_0200	第一百九十九节：走向各自的命运	EPUB:chapter_0200	false	false
chapter_0212	第十二节：路	EPUB:chapter_0212	false	false
chapter_0216	第十六节：方源落泪	EPUB:chapter_0216	false	false
chapter_0219	第十九节：演得好一场戏	EPUB:chapter_0219	false	false
chapter_0222	第二十二节：欢迎来到白骨山	EPUB:chapter_0222	false	false
chapter_0238	第三十八节：揍人	EPUB:chapter_0238	false	false
chapter_0239	第三十九节：小姐救命！	EPUB:chapter_0239	false	false
chapter_0246	第四十六节：二转高阶	EPUB:chapter_0246	false	false
chapter_0249	第四十九节：力所能及就可心安理得	EPUB:chapter_0249	false	false
chapter_0250	第五十节：滴水之恩，当涌泉相报！	EPUB:chapter_0250	false	false
chapter_0253	第五十三节：唯有实力，才是一切	EPUB:chapter_0253	false	false
chapter_0254	第五十四节：死的才干净	EPUB:chapter_0254	false	false
chapter_0265	第六十五节：糟糕透顶！	EPUB:chapter_0265	false	false
chapter_0268	第六十八节：大大低估了方源的无耻	EPUB:chapter_0268	false	false
chapter_0270	第七十节：家宴	EPUB:chapter_0270	false	false
chapter_0278	第七十八节：谨慎和忍耐	EPUB:chapter_0278	false	false
chapter_0280	第八十节：这就动手？!	EPUB:chapter_0280	false	false
chapter_0283	第八十三节：灵光一闪蛊	EPUB:chapter_0283	false	false
chapter_0284	第八十四节：得手	EPUB:chapter_0284	false	false
chapter_0285	第八十五节：一，二，五	EPUB:chapter_0285	false	false
chapter_0286	第八十六节：全力以赴蛊	EPUB:chapter_0286	false	false
chapter_0290	第九十节：不能阻挡我	EPUB:chapter_0290	false	false
chapter_0294	第九十四节：苍天无眼啊	EPUB:chapter_0294	false	false
chapter_0295	第九十五节：罪犯必要严惩！	EPUB:chapter_0295	false	false
chapter_0296	第九十六节：其实，我也是受害者	EPUB:chapter_0296	false	false
chapter_0303	第一百零三节：铁若男	EPUB:chapter_0303	false	false
chapter_0306	第一百零六节：拍卖（上）	EPUB:chapter_0306	false	false
chapter_0307	第一百零七节：拍卖（中）	EPUB:chapter_0307	false	false
chapter_0310	第一百一十节：心慈之志	EPUB:chapter_0310	false	false
chapter_0311	第一百一十一节：你这个无耻小人！	EPUB:chapter_0311	false	false
chapter_0312	第一百一十二节：其实我是个善良的人	EPUB:chapter_0312	false	false
chapter_0315	第一百一十五节：胜和败	EPUB:chapter_0315	false	false
chapter_0323	第一百二十三节：竞争压力	EPUB:chapter_0323	false	false
chapter_0330	第一百三十节：雄家三兄弟	EPUB:chapter_0330	false	false
chapter_0333	第一百三十三节：周全的震骇	EPUB:chapter_0333	false	false
chapter_0337	第一百三十七节：英雄救美	EPUB:chapter_0337	false	false
chapter_0338	第一百三十八节：见死不救	EPUB:chapter_0338	false	false
chapter_0340	第一百四十节：麻烦	EPUB:chapter_0340	false	false
chapter_0341	第一百四十一节：打成肉渣	EPUB:chapter_0341	false	false
chapter_0342	第一百四十二节：何等的穷凶极恶！	EPUB:chapter_0342	false	false
chapter_0360	第一百六十节：拦截	EPUB:chapter_0360	false	false
chapter_0362	第一百六十二节：以一对七(中)	EPUB:chapter_0362	false	false
chapter_0364	第一百六十四节：以一对七(终)	EPUB:chapter_0364	false	false
chapter_0365	第一百六十五节：声名大噪！	EPUB:chapter_0365	false	false
chapter_0368	第一百六十八节：这年头干爹不好当	EPUB:chapter_0368	false	false
chapter_0370	第一百七十节：魔道的觉悟	EPUB:chapter_0370	false	false
chapter_0371	第一百七十一节：铁家的荣耀	EPUB:chapter_0371	false	false
chapter_0372	第一百七十二节：且让他飞得再高些	EPUB:chapter_0372	false	false
chapter_0375	第一百七十五节：福地有灾劫	EPUB:chapter_0375	false	false
chapter_0382	第一百八十二节：都要死!	EPUB:chapter_0382	false	false
chapter_0383	第一百八十三节：继续杀	EPUB:chapter_0383	false	false
chapter_0386	第一百八十六节：恩怨情仇	EPUB:chapter_0386	false	false
chapter_0387	第一百八十七节：他也死了	EPUB:chapter_0387	false	false
chapter_0392	第一百九十二节：魔道联军	EPUB:chapter_0392	false	false
chapter_0393	第一百九十三节：正魔齐攻	EPUB:chapter_0393	false	false
chapter_0394	第一百九十四节：群攻	EPUB:chapter_0394	false	false
chapter_0396	第一百九十六节：白凝冰？	EPUB:chapter_0396	false	false
chapter_0398	第一百九十八节：战斗才刚刚开始	EPUB:chapter_0398	false	false
chapter_0406	第二百零六节：今日暂且展翼去，明朝登仙笞凤凰！	EPUB:chapter_0406	false	false
chapter_0410	第四节：执掌福地	EPUB:chapter_0410	false	false
chapter_0414	第八节：一场戏	EPUB:chapter_0414	false	false
chapter_0415	第九节：上位者的良知	EPUB:chapter_0415	false	false
chapter_0416	第十节：为了明天！	EPUB:chapter_0416	false	false
chapter_0417	第十一节：渡地灾（上）	EPUB:chapter_0417	false	false
chapter_0420	第十四节：方正的痛苦	EPUB:chapter_0420	false	false
chapter_0433	第二十七节：人皮蛊	EPUB:chapter_0433	false	false
chapter_0441	第三十五节：十年风雪两茫茫	EPUB:chapter_0441	false	false
chapter_0449	第四十三节：再获五转蛊	EPUB:chapter_0449	false	false
chapter_0451	第四十五节：小人之心君子之腹	EPUB:chapter_0451	false	false
chapter_0463	第五十七节：换蛊	EPUB:chapter_0463	false	false
chapter_0465	第五十九节：不永生都是屎	EPUB:chapter_0465	false	false
chapter_0466	第六十节：今夜星空真美	EPUB:chapter_0466	false	false
chapter_0474	第六十八节：正道英雄	EPUB:chapter_0474	false	false
chapter_0475	第六十九节：投降	EPUB:chapter_0475	false	false
chapter_0479	第七十三节：中流砥柱	EPUB:chapter_0479	false	false
chapter_0482	第七十六节：贝草川	EPUB:chapter_0482	false	false
chapter_0484	第七十八节：安然撤退	EPUB:chapter_0484	false	false
chapter_0490	第八十四节：对常山阴的议论	EPUB:chapter_0490	false	false
chapter_0498	第九十二节：墨狮狂	EPUB:chapter_0498	false	false
chapter_0499	第九十三节：狼嚎声起	EPUB:chapter_0499	false	false
chapter_0507	第一百零一节：三心合魂	EPUB:chapter_0507	false	false
chapter_0519	第一百一十三节：扬名	EPUB:chapter_0519	false	false
chapter_0521	第一百一十五节：偷鞋（上）	EPUB:chapter_0521	false	false
chapter_0522	第一百一十六节：偷鞋（下）	EPUB:chapter_0522	false	false
chapter_0525	第一百一十九节：威望隆重功第一	EPUB:chapter_0525	false	false
chapter_0526	第一百二十节：风云急变少猛将	EPUB:chapter_0526	false	false
chapter_0528	第一百二十二节：一心求胜顾狼王	EPUB:chapter_0528	false	false
chapter_0530	第一百二十四节穿越而已仍自奋	EPUB:chapter_0530	false	false
chapter_0534	第一百二十四节：穿越而已仍自奋	EPUB:chapter_0534	false	false
chapter_0541	第一百三十五节：以一对三！	EPUB:chapter_0541	false	false
chapter_0552	第一百四十六节：好好教育	EPUB:chapter_0552	false	false
chapter_0553	第一百四十七节：巨阳仙尊	EPUB:chapter_0553	false	false
chapter_0555	第一百四十九节：谋算艰难生不易	EPUB:chapter_0555	false	false
chapter_0556	第一百五十节：雪爪飞舞楼显化	EPUB:chapter_0556	false	false
chapter_0557	第一百五十一节：竟是蛊仙传承！	EPUB:chapter_0557	false	false
chapter_0559	第一百五十三节：巨阳大局晶中宝	EPUB:chapter_0559	false	false
chapter_0560	第一百五十四节：仙尊意志	EPUB:chapter_0560	false	false
chapter_0566	第一百六十节：众人蜂拥各有意	EPUB:chapter_0566	false	false
chapter_0573	第一百六十七节：炼得地魁尸蛊	EPUB:chapter_0573	false	false
chapter_0575	第一百六十九节：墨瑶的弱点	EPUB:chapter_0575	false	false
chapter_0578	第一百七十二节：公子，救我……	EPUB:chapter_0578	false	false
chapter_0579	第一百七十三节：联姻	EPUB:chapter_0579	false	false
chapter_0584	第一百七十八节：杀飞熊，最后关口生变	EPUB:chapter_0584	false	false
chapter_0588	第一百八十二节：仙凡之别差万千	EPUB:chapter_0588	false	false
chapter_0591	第一百八十五节散迫身亡不可待	EPUB:chapter_0591	false	false
chapter_0593	第一百八十七节影子深黑	EPUB:chapter_0593	false	false
chapter_0598	第一百九十二节真传秘境，意想不到	EPUB:chapter_0598	false	false
chapter_0599	第一百九十三节：三老三真传，意志可取巧	EPUB:chapter_0599	false	false
chapter_0601	第一百九十五节无上真传！	EPUB:chapter_0601	false	false
chapter_0604	第一百九十八节：今夜无眠	EPUB:chapter_0604	false	false
chapter_0605	第一百九十九节：察运蛊	EPUB:chapter_0605	false	false
chapter_0608	第二百零二节：伏击巨阳意志	EPUB:chapter_0608	false	false
chapter_0623	第二百一十七节：抓住最大的破绽！	EPUB:chapter_0623	false	false
chapter_0625	第二百一十九节：阴险无耻小人！	EPUB:chapter_0625	false	false
chapter_0629	第二百二十三节：枭雄黑楼兰	EPUB:chapter_0629	false	false
chapter_0632	第二百二十六节：发财	EPUB:chapter_0632	false	false
chapter_0637	第二百三十一节：惊变	EPUB:chapter_0637	false	false
chapter_0641	第二百三十五节方源VS巨阳意志	EPUB:chapter_0641	false	false
chapter_0650	第二百四十四节：双魔	EPUB:chapter_0650	false	false
chapter_0659	第九节：破局难黑楼兰	EPUB:chapter_0659	false	false
chapter_0669	第十九节：星罗小仙	EPUB:chapter_0669	false	false
chapter_0670	第二十节：鹤风扬之谋	EPUB:chapter_0670	false	false
chapter_0674	第二十四节：千愿树	EPUB:chapter_0674	false	false
chapter_0676	第二十六节：死了	EPUB:chapter_0676	false	false
chapter_0681	第三十一节：芝林、地马	EPUB:chapter_0681	false	false
chapter_0692	第四十二节：麻雀四方战法	EPUB:chapter_0692	false	false
chapter_0697	第四十七节：宣布叛逆	EPUB:chapter_0697	false	false
chapter_0698	第四十八节：仙鹤门，蛊仙会	EPUB:chapter_0698	false	false
chapter_0699	第四十九节：进攻狐仙福地（上）	EPUB:chapter_0699	false	false
chapter_0701	第五十一节：进攻狐仙福地（下）	EPUB:chapter_0701	false	false
chapter_0705	第五十五节：小九	EPUB:chapter_0705	false	false
chapter_0713	第六十三节：狮毛甲，嫁接蝠翼	EPUB:chapter_0713	false	false
chapter_0717	第六十七节：星殿	EPUB:chapter_0717	false	false
chapter_0718	第六十八节：斩杀星魔蝠	EPUB:chapter_0718	false	false
chapter_0722	第七十二节：走肉树	EPUB:chapter_0722	false	false
chapter_0723	第七十三节尸龙	EPUB:chapter_0723	false	false
chapter_0725	第七十五节：可怜逐梦人，险恶梦中境	EPUB:chapter_0725	false	false
chapter_0727	第七十七节：撤	EPUB:chapter_0727	false	false
chapter_0734	第八十四节：承认自己的平凡	EPUB:chapter_0734	false	false
chapter_0739	第八十九节：地老木仙僵古业	EPUB:chapter_0739	false	false
chapter_0740	第九十节：阴流巨城	EPUB:chapter_0740	false	false
chapter_0748	第九十八节：拍卖大会（上）	EPUB:chapter_0748	false	false
chapter_0751	第一百零一节：拍卖大会（中下）	EPUB:chapter_0751	false	false
chapter_0752	第一百零二节：拍卖大会（下）	EPUB:chapter_0752	false	false
chapter_0758	第一百零八节：起死回生	EPUB:chapter_0758	false	false
chapter_0763	第一百一十三节：赤煞神舟	EPUB:chapter_0763	false	false
chapter_0765	第一百一十五节：各方行动	EPUB:chapter_0765	false	false
chapter_0767	为断更所做的说明和感谢。	EPUB:chapter_0767	false	false
chapter_0775	第一百二十四节：解救黑楼兰	EPUB:chapter_0775	false	false
chapter_0778	第一百二十七节：局势	EPUB:chapter_0778	false	false
chapter_0788	第一百三十七节：以一敌二战七转	EPUB:chapter_0788	false	false
chapter_0789	第一百三十八节：老死仍为家族算	EPUB:chapter_0789	false	false
chapter_0790	第一百三十九节：图穷匕现真内奸	EPUB:chapter_0790	false	false
chapter_0791	第一百四十节：血幕挡却一干仙	EPUB:chapter_0791	false	false
chapter_0792	第一百四十一节攻防较技孰更强	EPUB:chapter_0792	false	false
chapter_0793	第一百四十二节：追命炎威无可挡	EPUB:chapter_0793	false	false
chapter_0797	第一百四十六节：捷足先登也无功	EPUB:chapter_0797	false	false
chapter_0800	第一百四十九节：勒索敲诈长恨蛛	EPUB:chapter_0800	false	false
chapter_0801	第一百五十节：取舍进退见真雄	EPUB:chapter_0801	false	false
chapter_0803	第一百五十二节：大而化小压群魔	EPUB:chapter_0803	false	false
chapter_0805	第一百五十四节：群魔战退正道仙	EPUB:chapter_0805	false	false
chapter_0809	第一百五十八节：不甘平凡一类人	EPUB:chapter_0809	false	false
chapter_0810	第一百五十九节：顽抗不抵搜魂多	EPUB:chapter_0810	false	false
chapter_0825	第一百七十四节：利大于弊时济运	EPUB:chapter_0825	false	false
chapter_0836	第一百八十五节：炼道杀招转金钟	EPUB:chapter_0836	false	false
chapter_0837	第一百八十五节：炼道杀招转金钟	EPUB:chapter_0837	false	false
chapter_0869	第二百一十八节：设计羽民，羽飞的无力	EPUB:chapter_0869	false	false
chapter_0871	第二百二十节：蛊仙奴隶	EPUB:chapter_0871	false	false
chapter_0874	卡文了，今天两更都在晚8点。	EPUB:chapter_0874	false	false
chapter_0879	第二百二十七节：以一敌二	EPUB:chapter_0879	false	false
chapter_0880	第二百二十七节：以一敌二	EPUB:chapter_0880	false	false
chapter_0885	第二百三十二节：彪悍！琅琊地灵vs秦百胜	EPUB:chapter_0885	false	false
chapter_0892	第二百三十九节：短暂的休整	EPUB:chapter_0892	false	false
chapter_0893	第二百四十节：入东海	EPUB:chapter_0893	false	false
chapter_0896	第二百四十三节：颠倒黑白	EPUB:chapter_0896	false	false
chapter_0899	第二百四十六节：故意被发现	EPUB:chapter_0899	false	false
chapter_0901	第二百四十八节：杀人扬长去	EPUB:chapter_0901	false	false
chapter_0904	第二百五十一节：双极海峡宋甲丹	EPUB:chapter_0904	false	false
chapter_0905	第二百五十二节：向琅琊地灵借蛊	EPUB:chapter_0905	false	false
chapter_0907	第二百五十四节：重点建设星象福地	EPUB:chapter_0907	false	false
chapter_0910	第二百五十七节惨胜	EPUB:chapter_0910	false	false
chapter_0911	今天状态太差，更新不了了	EPUB:chapter_0911	false	false
chapter_0915	第二百六十一节：修为低也有好处	EPUB:chapter_0915	false	false
chapter_0924	第二百七十节：焚天魔女	EPUB:chapter_0924	false	false
chapter_0936	第二百八十二节：创造机会入地沟	EPUB:chapter_0936	false	false
chapter_0950	第二百九十六节：恐惧最可怕	EPUB:chapter_0950	false	false
chapter_0961	第三百零七节：剑纵中洲	EPUB:chapter_0961	false	false
chapter_0963	第三百零九节：风云滚荡	EPUB:chapter_0963	false	false
chapter_0967	第三百一十三节：旷世赌斗	EPUB:chapter_0967	false	false
chapter_0968	第三百一十四节：萧山、萧芒	EPUB:chapter_0968	false	false
chapter_0973	第三百一十九节：困众仙灾劫如雨	EPUB:chapter_0973	false	false
chapter_0987	第三百三十三节：智道宗师威能	EPUB:chapter_0987	false	false
chapter_0991	第三百三十七节：方源一探登天野	EPUB:chapter_0991	false	false
chapter_0994	第三百四十节：星眸仙蛊	EPUB:chapter_0994	false	false
chapter_0995	第三百四十一节：追杀炎煌雷泽	EPUB:chapter_0995	false	false
chapter_0999	第三百四十五节：薄青仙僵出世	EPUB:chapter_0999	false	false
chapter_1000	第三百四十六节：盗取薄青仙蛊	EPUB:chapter_1000	false	false
chapter_1004	第三百五十节：提前加入义天山	EPUB:chapter_1004	false	false
chapter_1005	第三百五十一节：棋子棋手	EPUB:chapter_1005	false	false
chapter_1015	单章：假如天有不测风云	EPUB:chapter_1015	false	false
chapter_1032	第四节：暗夜寒风	EPUB:chapter_1032	false	false
chapter_1033	第五节：送给凤金煌	EPUB:chapter_1033	false	false
chapter_1038	第十节：滴水不漏	EPUB:chapter_1038	false	false
chapter_1043	第十五节：怨气泥人	EPUB:chapter_1043	false	false
chapter_1044	第十六节：三方之难	EPUB:chapter_1044	false	false
chapter_1046	第十十四节：巡天五相，戚家双仙	EPUB:chapter_1046	false	false
chapter_1047	第十五泥节：怨气泥人	EPUB:chapter_1047	false	false
chapter_1048	第十六节：三方之十难	EPUB:chapter_1048	false	false
chapter_1050	第十九节：方源vs戚灾	EPUB:chapter_1050	false	false
chapter_1053	第二十二节：惊喜发现	EPUB:chapter_1053	false	false
chapter_1055	第二十四节：是机缘还是麻烦？	EPUB:chapter_1055	false	false
chapter_1056	第二十五节：东海追逃战（上）	EPUB:chapter_1056	false	false
chapter_1057	第二十六节：东海追逃战（中）	EPUB:chapter_1057	false	false
chapter_1059	第二十八节：贩卖人族奴隶	EPUB:chapter_1059	false	false
chapter_1060	第二十九节：伤势痊愈	EPUB:chapter_1060	false	false
chapter_1065	第三十四节：方源渡劫（下）	EPUB:chapter_1065	false	false
chapter_1074	第四十三节：我就是变化道蛊仙	EPUB:chapter_1074	false	false
chapter_1078	第四十七节：成与败	EPUB:chapter_1078	false	false
chapter_1079	第四十八节：天庭！	EPUB:chapter_1079	false	false
chapter_1089	2016年1月感谢大家的信！	EPUB:chapter_1089	false	false
chapter_1092	第六十节：方源献计	EPUB:chapter_1092	false	false
chapter_1117	第八十五节：黑家大战（中）	EPUB:chapter_1117	false	false
chapter_1118	第八十六节：黑家大战（下）	EPUB:chapter_1118	false	false
chapter_1123	第九十一节春晓翠鹂	EPUB:chapter_1123	false	false
chapter_1129	第九十七节：未来的八转战力	EPUB:chapter_1129	false	false
chapter_1130	第九十八节：进入黑凡洞天	EPUB:chapter_1130	false	false
chapter_1133	第一百零一节麻烦的最后考验	EPUB:chapter_1133	false	false
chapter_1143	第一百一十一节：接管黑凡洞天	EPUB:chapter_1143	false	false
chapter_1146	第一百一十四节：别来碍事	EPUB:chapter_1146	false	false
chapter_1149	第一百一十七节：战罢	EPUB:chapter_1149	false	false
chapter_1169	第一百三十七节：市井	EPUB:chapter_1169	false	false
chapter_1171	第一百三十九节：气运交感难觅迹	EPUB:chapter_1171	false	false
chapter_1173	第一百四十一节：魂道陷阱	EPUB:chapter_1173	false	false
chapter_1175	极少开单章，求一些起点正版订阅	EPUB:chapter_1175	false	false
chapter_1183	今后每天双更，感谢大家！	EPUB:chapter_1183	false	false
chapter_1191	第一百五十七节：黑凡洞天之争（中）	EPUB:chapter_1191	false	false
chapter_1203	求一些正版订阅支持！	EPUB:chapter_1203	false	false
chapter_1209	第一百七十四节：年轻	EPUB:chapter_1209	false	false
chapter_1218	第一百八十三节：怎么可能被看破？！	EPUB:chapter_1218	false	false
chapter_1221	第一百八十六节：干点坏事	EPUB:chapter_1221	false	false
chapter_1222	第一百八十七节：凶器在手杀心易起	EPUB:chapter_1222	false	false
chapter_1223	第一百八十八节：又洗劫了一处	EPUB:chapter_1223	false	false
chapter_1227	第一百九十二节：仙缘生意	EPUB:chapter_1227	false	false
chapter_1228	第一百九十四节：武家纷争	EPUB:chapter_1228	false	false
chapter_1232	第一百九十八节：方源vs武庸	EPUB:chapter_1232	false	false
chapter_1235	第二百零一节：当代仙子赵怜云？	EPUB:chapter_1235	false	false
chapter_1236	第二百零二节：正大光明进蛊阵	EPUB:chapter_1236	false	false
chapter_1237	第二百零三节：白兔投怀（上）	EPUB:chapter_1237	false	false
chapter_1238	第二百零四节：白兔投怀（下）	EPUB:chapter_1238	false	false
chapter_1239	第二百零五节：正道的游戏规则	EPUB:chapter_1239	false	false
chapter_1240	第二百零六节：龙人	EPUB:chapter_1240	false	false
chapter_1243	第二百零九节：爱情.蛊（下）	EPUB:chapter_1243	false	false
chapter_1244	第二百一十节：水道准宗师	EPUB:chapter_1244	false	false
chapter_1245	第二百一十二节：炼身	EPUB:chapter_1245	false	false
chapter_1246	第二百一十三节：中洲蛊仙集结	EPUB:chapter_1246	false	false
chapter_1247	明天加更！	EPUB:chapter_1247	false	false
chapter_1250	第二百一十六节：修行本身就是享受	EPUB:chapter_1250	false	false
chapter_1253	第二百一十九节：杀意满心间	EPUB:chapter_1253	false	false
chapter_1256	第二百二十二节：镇运天宫	EPUB:chapter_1256	false	false
chapter_1259	第二百二十五节：陪你看星雨	EPUB:chapter_1259	false	false
chapter_1262	第二百二十八节：影无邪的图谋	EPUB:chapter_1262	false	false
chapter_1267	第二百三十三节：自找死路	EPUB:chapter_1267	false	false
chapter_1269	第二百三十五节：赵怜云之死？	EPUB:chapter_1269	false	false
chapter_1272	第二百三十八节：方源一打五（上）	EPUB:chapter_1272	false	false
chapter_1274	第二百四十节：引魂入梦	EPUB:chapter_1274	false	false
chapter_1276	第二百四十二节：吒金艳阳枪	EPUB:chapter_1276	false	false
chapter_1277	第二百四十三节：血尽流	EPUB:chapter_1277	false	false
chapter_1278	第二百四十五节：梦魇魔驹	EPUB:chapter_1278	false	false
chapter_1279	关于重复章节的处理and月末求月票！	EPUB:chapter_1279	false	false
chapter_1281	第二百四十七节：中洲来援	EPUB:chapter_1281	false	false
chapter_1282	第二百四十八节：影入雪山	EPUB:chapter_1282	false	false
chapter_1287	第二百五十三节：仙蛊爱意	EPUB:chapter_1287	false	false
chapter_1288	第二百五十四节：水战八转	EPUB:chapter_1288	false	false
chapter_1295	第二百六十一节：冲刷	EPUB:chapter_1295	false	false
chapter_1296	第二百六十二节：超越人祖？	EPUB:chapter_1296	false	false
chapter_1297	第二百六十三节：逆流河太古秘辛	EPUB:chapter_1297	false	false
chapter_1300	的坚持！	EPUB:chapter_1300	false	false
chapter_1307	第二百七十二节：态度蛊的麻烦	EPUB:chapter_1307	false	false
chapter_1309	第二百七十四节：楚瀛再现	EPUB:chapter_1309	false	false
chapter_1311	第二百七十六节：光照菌	EPUB:chapter_1311	false	false
chapter_1322	第二百八十七节：四季茶	EPUB:chapter_1322	false	false
chapter_1323	第二百八十八节：无赖！可耻！	EPUB:chapter_1323	false	false
chapter_1326	第二百九十一节：夏家撤退	EPUB:chapter_1326	false	false
chapter_1328	第二百九十三节：龙鳞海域	EPUB:chapter_1328	false	false
chapter_1329	第二百九十四节：收购神鹿果	EPUB:chapter_1329	false	false
chapter_1330	第二百九十五节：说服老怪	EPUB:chapter_1330	false	false
chapter_1331	半年总结，有些心里话想说！	EPUB:chapter_1331	false	false
chapter_1333	第二百九十七节：斗茶	EPUB:chapter_1333	false	false
chapter_1334	第二百九十八节：月亮节的故事	EPUB:chapter_1334	false	false
chapter_1335	第二百九十九节：斗茶	EPUB:chapter_1335	false	false
chapter_1336	第三百节：请你“赏析”	EPUB:chapter_1336	false	false
chapter_1337	第三百零一节：可借不可靠	EPUB:chapter_1337	false	false
chapter_1340	第三百零四节：方源的两大利器	EPUB:chapter_1340	false	false
chapter_1341	第三百零五节：四元思潮	EPUB:chapter_1341	false	false
chapter_1344	第三百零八节：方源赖皮	EPUB:chapter_1344	false	false
chapter_1345	第三百零九节：方源承认失败	EPUB:chapter_1345	false	false
chapter_1347	第三百一十一节：宴请池伤	EPUB:chapter_1347	false	false
chapter_1348	第三百一十二节：宾主尽欢	EPUB:chapter_1348	false	false
chapter_1353	第三百一十七节：菇人乐土暗宗师	EPUB:chapter_1353	false	false
chapter_1356	第三百二十节：死鬼快来铁面神	EPUB:chapter_1356	false	false
chapter_1364	第三百二十八节：局势骤缓	EPUB:chapter_1364	false	false
chapter_1368	第三百三十二节：方源战黑莬	EPUB:chapter_1368	false	false
chapter_1369	第三百三十三节：菟舔	EPUB:chapter_1369	false	false
chapter_1370	今天的爆更献给一直支持和我的朋友们！	EPUB:chapter_1370	false	false
chapter_1371	第三百三十四节：黑白威风	EPUB:chapter_1371	false	false
chapter_1380	第三百四十三节：南疆正道最大的叛徒	EPUB:chapter_1380	false	false
chapter_1389	第三百五十二节：紫陨（下）	EPUB:chapter_1389	false	false
chapter_1393	修改前文报表	EPUB:chapter_1393	false	false
chapter_1394	第三百五十六节：静思战力	EPUB:chapter_1394	false	false
chapter_1403	第三百六十五节：方源的判断	EPUB:chapter_1403	false	false
chapter_1413	第三百七十五节：吓跑三位七转	EPUB:chapter_1413	false	false
chapter_1417	第三百七十九节：贩卖年兽	EPUB:chapter_1417	false	false
chapter_1418	8月份蛊真人签名明信片赠送！	EPUB:chapter_1418	false	false
chapter_1423	第三百八十四节：紫薇控局	EPUB:chapter_1423	false	false
chapter_1429	第三百九十节：阵道仙蛊和真传	EPUB:chapter_1429	false	false
chapter_1430	第三百九十一节：青爪鬼翼狮	EPUB:chapter_1430	false	false
chapter_1432	第三百九十三节：八转变异仙蛊	EPUB:chapter_1432	false	false
chapter_1436	第三百九十七节：与千变合作	EPUB:chapter_1436	false	false
chapter_1468	第四百三十节：赊借仙元石	EPUB:chapter_1468	false	false
chapter_1470	第四百三十二节：年蛊商战	EPUB:chapter_1470	false	false
chapter_1472	第四百三十四节：价格战	EPUB:chapter_1472	false	false
chapter_1473	第四百三十五节：宝黄天震动	EPUB:chapter_1473	false	false
chapter_1474	第四百三十六节：胜利者	EPUB:chapter_1474	false	false
chapter_1481	第四百四十三节：琅琊任务	EPUB:chapter_1481	false	false
chapter_1483	第四百四十五节：难怪方源看不上我	EPUB:chapter_1483	false	false
chapter_1484	第四百四十六节：实力井喷	EPUB:chapter_1484	false	false
chapter_1485	第四百四十七节：有点弱	EPUB:chapter_1485	false	false
chapter_1488	第四百五十节：太弱了	EPUB:chapter_1488	false	false
chapter_1489	第四百五十一节：贸易之思	EPUB:chapter_1489	false	false
chapter_1490	第四百五十二节：分魂	EPUB:chapter_1490	false	false
chapter_1491	第四百五十三节：方源喜酒	EPUB:chapter_1491	false	false
chapter_1493	第四百五十五节：财富蛊	EPUB:chapter_1493	false	false
chapter_1495	第四百五十七节：天消意散	EPUB:chapter_1495	false	false
chapter_1497	第四百五十九节：成功	EPUB:chapter_1497	false	false
chapter_1498	第四百六十节：平炼春秋	EPUB:chapter_1498	false	false
chapter_1502	第四百六十四节：银龙鱼	EPUB:chapter_1502	false	false
chapter_1503	第四百六十五节：方源的仁慈	EPUB:chapter_1503	false	false
chapter_1504	第四百六十六节：紫辰断命	EPUB:chapter_1504	false	false
chapter_1505	第四百六十七节：香消玉殒	EPUB:chapter_1505	false	false
chapter_1507	第四百六十九节：案发	EPUB:chapter_1507	false	false
chapter_1508	第四百七十节：异人豢养大计	EPUB:chapter_1508	false	false
chapter_1510	第四百七十二节：苦逼少年	EPUB:chapter_1510	false	false
chapter_1511	第四百七十三节：盗天机缘？	EPUB:chapter_1511	false	false
chapter_1512	第四百七十四节：神秘的羊皮地图	EPUB:chapter_1512	false	false
chapter_1513	第四百七十五节：老爷爷	EPUB:chapter_1513	false	false
chapter_1514	第四百七十六节：休整	EPUB:chapter_1514	false	false
chapter_1515	第四百七十七节：糊眼灰	EPUB:chapter_1515	false	false
chapter_1516	第四百七十八节：胜了却很痛苦	EPUB:chapter_1516	false	false
chapter_1517	第四百七十九节：想输	EPUB:chapter_1517	false	false
chapter_1518	第四百八十节：盗天的底线	EPUB:chapter_1518	false	false
chapter_1520	第四百八十二节：准大宗师	EPUB:chapter_1520	false	false
chapter_1523	第四百八十五节：路遇贵人	EPUB:chapter_1523	false	false
chapter_1525	第四百八十七节：魂爆！	EPUB:chapter_1525	false	false
chapter_1526	第四百八十八节：青家传承	EPUB:chapter_1526	false	false
chapter_1528	第四百九十节：三入盗天梦境	EPUB:chapter_1528	false	false
chapter_1529	第四百九十一节：方源被擒	EPUB:chapter_1529	false	false
chapter_1530	第四百九十二节：偷道大宗师！	EPUB:chapter_1530	false	false
chapter_1531	第四百九十三节：落英馆	EPUB:chapter_1531	false	false
chapter_1532	第四百九十四节：酬谢仙蛊	EPUB:chapter_1532	false	false
chapter_1533	第四百九十五节：连套埋伏	EPUB:chapter_1533	false	false
chapter_1534	第四百九十六节：勘破真身	EPUB:chapter_1534	false	false
chapter_1536	第四百九十八节：落英馆战豆神宫（上）	EPUB:chapter_1536	false	false
chapter_1537	第四百九十九节：落英馆战豆神宫（下）	EPUB:chapter_1537	false	false
chapter_1538	第五百节：算计了人还要发难	EPUB:chapter_1538	false	false
chapter_1539	第五百零一节：谈崩	EPUB:chapter_1539	false	false
chapter_1541	第五百零三节：青甲菜园	EPUB:chapter_1541	false	false
chapter_1542	第五百零四节：要挟房睇长	EPUB:chapter_1542	false	false
chapter_1543	第五百零五节：大盗仙蛊	EPUB:chapter_1543	false	false
chapter_1544	第五百零六节：万生春雷	EPUB:chapter_1544	false	false
chapter_1545	第五百零七节：陈衣受死	EPUB:chapter_1545	false	false
chapter_1546	第五百零八节：房家八转	EPUB:chapter_1546	false	false
chapter_1547	第五百零九节：阎罗鬼手	EPUB:chapter_1547	false	false
chapter_1549	第五百一十二节：算计青仇	EPUB:chapter_1549	false	false
chapter_1550	第五百一十三节：烟罗暖玉田	EPUB:chapter_1550	false	false
chapter_1551	第五百一十四节：叶凡vs铁若男	EPUB:chapter_1551	false	false
chapter_1554	我卖书不卖笑！	EPUB:chapter_1554	false	false
chapter_1555	第五百一十七节：错爱	EPUB:chapter_1555	false	false
chapter_1556	第五百一十八节：沙铁沉浮	EPUB:chapter_1556	false	false
chapter_1557	第五百一十九节：方源屠仙	EPUB:chapter_1557	false	false
chapter_1559	第五百二十三节：感化方源	EPUB:chapter_1559	false	false
chapter_1561	第五百二十三节：方源爱情	EPUB:chapter_1561	false	false
chapter_1562	第五百二十四节：不过如此	EPUB:chapter_1562	false	false
chapter_1564	第五百二十六节：无聊	EPUB:chapter_1564	false	false
chapter_1569	第五百三十一节：魂爆！	EPUB:chapter_1569	false	false
chapter_1570	第五百三十二节：谈谈赔偿	EPUB:chapter_1570	false	false
chapter_1575	第五百三十七节：方源vs井斓	EPUB:chapter_1575	false	false
chapter_1576	第五百三十八节：方源之死？	EPUB:chapter_1576	false	false
chapter_1578	第五百四十节：撤	EPUB:chapter_1578	false	false
chapter_1579	第五百四十一节：当今七转第一人！	EPUB:chapter_1579	false	false
chapter_1583	第五百四十五节：蒙屠	EPUB:chapter_1583	false	false
chapter_1585	第五百四十七节：硬是逼死	EPUB:chapter_1585	false	false
chapter_1587	第五百四十九节：正反狙神针	EPUB:chapter_1587	false	false
chapter_1588	第五百五十节：睡姑吐血	EPUB:chapter_1588	false	false
chapter_1589	第五百五十一节：五成！	EPUB:chapter_1589	false	false
chapter_1595	第五百五十七节：方源动手	EPUB:chapter_1595	false	false
chapter_1596	第五百五十八节：阎罗战场	EPUB:chapter_1596	false	false
chapter_1597	第五百五十九节：方源VS九歌	EPUB:chapter_1597	false	false
chapter_1601	第五百六十三节：雷鬼陨！	EPUB:chapter_1601	false	false
chapter_1604	第五百六十六节：屠杀	EPUB:chapter_1604	false	false
chapter_1605	第五百六十七节：方源境界	EPUB:chapter_1605	false	false
chapter_1606	第五百六十八节：雪晶阵	EPUB:chapter_1606	false	false
chapter_1607	第五百六十九节：鬼手杀人	EPUB:chapter_1607	false	false
chapter_1610	第五百七十二节：云竹山脉	EPUB:chapter_1610	false	false
chapter_1611	第五百七十三节：劫掠和建设	EPUB:chapter_1611	false	false
chapter_1612	第五百七十四节：天下第九太宇寺	EPUB:chapter_1612	false	false
chapter_1613	第五百七十五节：交易	EPUB:chapter_1613	false	false
chapter_1614	第五百七十六节：正道合谋方源	EPUB:chapter_1614	false	false
chapter_1615	第五百七十七节：水文蛊	EPUB:chapter_1615	false	false
chapter_1617	第五百七十九节：宙道宗师	EPUB:chapter_1617	false	false
chapter_1618	第五百八十节：遗忘	EPUB:chapter_1618	false	false
chapter_1619	第五百八十一节：渡劫和神技	EPUB:chapter_1619	false	false
chapter_1620	第五百八十二节：埋伏反算	EPUB:chapter_1620	false	false
chapter_1622	第五百八十四节：春剪	EPUB:chapter_1622	false	false
chapter_1624	第五百八十六节：俘虏	EPUB:chapter_1624	false	false
chapter_1626	第五百八十七节：囚禁人质	EPUB:chapter_1626	false	false
chapter_1628	第五百八十九节：一百万块仙元石	EPUB:chapter_1628	false	false
chapter_1629	第五百九十节：勒索的门道	EPUB:chapter_1629	false	false
chapter_1630	第五百九十一节：三种方案	EPUB:chapter_1630	false	false
chapter_1631	第五百九十二节：蛊如故雏形	EPUB:chapter_1631	false	false
chapter_1634	第五百九十五节：威胁整个南疆正道	EPUB:chapter_1634	false	false
chapter_1635	第五百九十六节：搜魂	EPUB:chapter_1635	false	false
chapter_1636	第五百九十七节：继续腾飞	EPUB:chapter_1636	false	false
chapter_1637	第五百九十八节：要求房家	EPUB:chapter_1637	false	false
chapter_1642	第六百零三节：方源渡劫	EPUB:chapter_1642	false	false
chapter_1643	第六百零四节：围杀方源	EPUB:chapter_1643	false	false
chapter_1644	第六百零五节：八耳猴	EPUB:chapter_1644	false	false
chapter_1646	第六百零七节：落魄印	EPUB:chapter_1646	false	false
chapter_1647	第六百零八节：武庸之败	EPUB:chapter_1647	false	false
chapter_1651	第六百一十三节：石岛陷阱	EPUB:chapter_1651	false	false
chapter_1655	第六百一十七节：攻守	EPUB:chapter_1655	false	false
chapter_1656	第六百一十八节：后勤	EPUB:chapter_1656	false	false
chapter_1657	第六百一十九节：魔王！	EPUB:chapter_1657	false	false
chapter_1659	第六百二十一节：赌约至宝	EPUB:chapter_1659	false	false
chapter_1660	第六百二十二节：天相争夺	EPUB:chapter_1660	false	false
chapter_1662	第六百二十四节：很有意思	EPUB:chapter_1662	false	false
chapter_1665	第六百二十七节：大家之气	EPUB:chapter_1665	false	false
chapter_1669	第六百三十一节：庙任之争	EPUB:chapter_1669	false	false
chapter_1671	第六百三十三节：楚瀛身亡	EPUB:chapter_1671	false	false
chapter_1674	第六百三十六节：前世至爱	EPUB:chapter_1674	false	false
chapter_1675	第六百三十七节：水壳蛊	EPUB:chapter_1675	false	false
chapter_1676	第六百三十八节：采集黑油	EPUB:chapter_1676	false	false
chapter_1677	第六百三十九节：方源被救	EPUB:chapter_1677	false	false
chapter_1680	第六百四十二节：夏琳赌石	EPUB:chapter_1680	false	false
chapter_1681	第六百四十三节：幕后黑手	EPUB:chapter_1681	false	false
chapter_1682	第六百四十四节：报恩	EPUB:chapter_1682	false	false
chapter_1684	第六百四十六节：方源，你是好人	EPUB:chapter_1684	false	false
chapter_1685	第六百四十七节：圣女考验	EPUB:chapter_1685	false	false
chapter_1686	第六百四十八节：海神和鲛女的故事	EPUB:chapter_1686	false	false
chapter_1687	第六百五十节：白月光	EPUB:chapter_1687	false	false
chapter_1688	第六百五十一节：太天真	EPUB:chapter_1688	false	false
chapter_1689	第六百五十二节：我拒绝	EPUB:chapter_1689	false	false
chapter_1690	第六百五十三节：芳心乱跳	EPUB:chapter_1690	false	false
chapter_1691	第六百五十四节：人生和面具	EPUB:chapter_1691	false	false
chapter_1693	第六百五十六节：他是古月方源	EPUB:chapter_1693	false	false
chapter_1696	第六百五十九节：宿命是什么？	EPUB:chapter_1696	false	false
chapter_1706	第六百六十九节：大怪兽方源！	EPUB:chapter_1706	false	false
chapter_1708	第六百七十一节：阻挠	EPUB:chapter_1708	false	false
chapter_1709	第六百七十二节：失败	EPUB:chapter_1709	false	false
chapter_1711	第六百七十四节：暴露	EPUB:chapter_1711	false	false
chapter_1714	第六百七十八节：红莲真传争夺战	EPUB:chapter_1714	false	false
chapter_1715	第六百七十九节：龙宫争夺战	EPUB:chapter_1715	false	false
chapter_1719	第六百八十三节：四处袭击	EPUB:chapter_1719	false	false
chapter_1722	第六百八十六节：同仇敌忾	EPUB:chapter_1722	false	false
chapter_1723	第六百八十七节：暂避风头	EPUB:chapter_1723	false	false
chapter_1725	第六百八十九节：万众一心	EPUB:chapter_1725	false	false
chapter_1726	第六百九十节：南仙众志	EPUB:chapter_1726	false	false
chapter_1727	第六百九十一节：天庭危局	EPUB:chapter_1727	false	false
chapter_1728	第六百九十二节：帝君城战场	EPUB:chapter_1728	false	false
chapter_1732	第六百九十六节：传奇荒兽大战	EPUB:chapter_1732	false	false
chapter_1736	第七百节：太古传奇第一战力	EPUB:chapter_1736	false	false
chapter_1738	第七百零二节：天庭乱战	EPUB:chapter_1738	false	false
chapter_1742	第七百零六节：七极荒都	EPUB:chapter_1742	false	false
chapter_1743	第七百零七节：致命一击	EPUB:chapter_1743	false	false
chapter_1748	第七百一十二节：愿和方源联手	EPUB:chapter_1748	false	false
chapter_1749	第七百一十三节：九九连环不绝阵	EPUB:chapter_1749	false	false
chapter_1750	第七百一十四节：局势	EPUB:chapter_1750	false	false
chapter_1751	第七百一十五节：五界大阵	EPUB:chapter_1751	false	false
chapter_1752	第七百一十六节：劫运坛反击	EPUB:chapter_1752	false	false
chapter_1753	第七百一十七节：巨阳的伟大	EPUB:chapter_1753	false	false
chapter_1754	第七百一十八节：陈衣撤阵	EPUB:chapter_1754	false	false
chapter_1758	第七百二十二节：元始天庭！	EPUB:chapter_1758	false	false
chapter_1759	第七百二十三节：天庭的牺牲	EPUB:chapter_1759	false	false
chapter_1762	第七百二十六节：命败	EPUB:chapter_1762	false	false
chapter_1763	第七百二十七节：最后的机会	EPUB:chapter_1763	false	false
chapter_1764	第七百二十八节：众目睽睽	EPUB:chapter_1764	false	false
chapter_1772	第七百三十六节：杀仙夺财	EPUB:chapter_1772	false	false
chapter_1775	第七百三十九节：野生仙蛊	EPUB:chapter_1775	false	false
chapter_1786	第七百五十节：退一步海阔天空	EPUB:chapter_1786	false	false
chapter_1788	第七百五十二节：池曲由的悲愤	EPUB:chapter_1788	false	false
chapter_1789	第七百五十三节：异人种族传承	EPUB:chapter_1789	false	false
chapter_1790	第七百五十四节：池曲由要说服自己	EPUB:chapter_1790	false	false
chapter_1791	第七百五十五节：成竹仙蛊	EPUB:chapter_1791	false	false
chapter_1792	第七百五十六节：被自己给坑了	EPUB:chapter_1792	false	false
chapter_1795	第七百五十九节：开拓青鬼沙漠	EPUB:chapter_1795	false	false
chapter_1796	第七百六十节：房家太上客卿长老	EPUB:chapter_1796	false	false
chapter_1801	第七百六十五节：掌握因果神树	EPUB:chapter_1801	false	false
chapter_1803	第七百六十七节：第二次埋伏战	EPUB:chapter_1803	false	false
chapter_1808	第七百七十二节：正道头疼	EPUB:chapter_1808	false	false
chapter_1814	第七百七十八节：万年斗飞车	EPUB:chapter_1814	false	false
chapter_1819	第七百八十三节：算不尽中计	EPUB:chapter_1819	false	false
chapter_1820	第七百八十四节：杂念丛生	EPUB:chapter_1820	false	false
chapter_1821	第七百八十五节：你的性命，我取走了	EPUB:chapter_1821	false	false
chapter_1822	第七百八十六节：房家力保	EPUB:chapter_1822	false	false
chapter_1825	第七百八十九节：光阴长河第一战	EPUB:chapter_1825	false	false
chapter_1836	第八百节：消化气海洞天	EPUB:chapter_1836	false	false
chapter_1844	第八百零八节：天上掉蛋	EPUB:chapter_1844	false	false
chapter_1846	第八百一十节：龙宫考验	EPUB:chapter_1846	false	false
chapter_1848	第八百一十三节：父子交心	EPUB:chapter_1848	false	false
chapter_1849	第八百一十四节：绿蚁收徒	EPUB:chapter_1849	false	false
chapter_1850	第八百一十五节：操蚁对决	EPUB:chapter_1850	false	false
chapter_1855	第八百二十节：一把扯断	EPUB:chapter_1855	false	false
chapter_1856	第八百二十一节：偷生打龙公	EPUB:chapter_1856	false	false
chapter_1860	第八百二十五节：龙庭	EPUB:chapter_1860	false	false
chapter_1861	第八百二十六节：名扬天下许未来	EPUB:chapter_1861	false	false
chapter_1862	第八百二十七节：崛起大计盗宿命	EPUB:chapter_1862	false	false
chapter_1863	第八百二十八节：如此牺牲为那般	EPUB:chapter_1863	false	false
chapter_1883	第八百四十八节：再走第七层	EPUB:chapter_1883	false	false
chapter_1884	第八百四十九节：方源啊你死定了	EPUB:chapter_1884	false	false
chapter_1889	第八百五十四节：本体突破	EPUB:chapter_1889	false	false
chapter_1890	第八百五十五节：我会负责的	EPUB:chapter_1890	false	false
chapter_1912	第八百七十七节：一起来分析楚瀛	EPUB:chapter_1912	false	false
chapter_1929	第八百九十四节：沈从声的仙材	EPUB:chapter_1929	false	false
chapter_1956	第九百二十一节：天庭三英抗方源	EPUB:chapter_1956	false	false
chapter_1957	第九百二十二节：棒子变！	EPUB:chapter_1957	false	false
chapter_1958	第九百二十三节：天庭危急	EPUB:chapter_1958	false	false
chapter_1961	第九百二十六节：安居乐业	EPUB:chapter_1961	false	false
chapter_1968	第九百三十三节：修复中断	EPUB:chapter_1968	false	false
chapter_1971	第九百三十六节：僵局	EPUB:chapter_1971	false	false
chapter_1972	第九百三十七节：责任和牺牲	EPUB:chapter_1972	false	false
chapter_1975	第九百四十节：关键时刻关键人物	EPUB:chapter_1975	false	false
chapter_1978	第九百四十三节：完整的人意	EPUB:chapter_1978	false	false
chapter_1982	第九百四十七节：我有命运仙蛊方！	EPUB:chapter_1982	false	false
chapter_1987	单章：耐心写，耐心读	EPUB:chapter_1987	false	false
chapter_1990	第三节：黑天蛊仙	EPUB:chapter_1990	false	false
chapter_1992	第五节：凤赵之争	EPUB:chapter_1992	false	false
chapter_1993	第六节：方源救灾	EPUB:chapter_1993	false	false
chapter_1995	第八节：打开局面	EPUB:chapter_1995	false	false
chapter_1996	第九节：天下诗会	EPUB:chapter_1996	false	false
chapter_1997	第十节：李小白咏春	EPUB:chapter_1997	false	false
chapter_1998	第十一节：李小白纠结	EPUB:chapter_1998	false	false
chapter_1999	第十二节：人道改运	EPUB:chapter_1999	false	false
chapter_2000	第十三节：鲛庭恶客	EPUB:chapter_2000	false	false
chapter_2002	第十五节：我当为盟主！	EPUB:chapter_2002	false	false
chapter_2003	第十六节：夏家厄难	EPUB:chapter_2003	false	false
chapter_2004	第十七节：对我有意见？	EPUB:chapter_2004	false	false
chapter_2005	第十八节：吴帅手腕	EPUB:chapter_2005	false	false
chapter_2006	第十九节：你真是好样的	EPUB:chapter_2006	false	false
chapter_2007	第二十节：天庭方略	EPUB:chapter_2007	false	false
chapter_2008	第二十一节：气功果	EPUB:chapter_2008	false	false
chapter_2011	第二十四节：吴帅疗伤	EPUB:chapter_2011	false	false
chapter_2012	第二十五节：老祖高义	EPUB:chapter_2012	false	false
chapter_2013	第二十六节：人道奠基	EPUB:chapter_2013	false	false
chapter_2015	第二十八节：冰晶仙王战方正	EPUB:chapter_2015	false	false
chapter_2018	第三十一节：双方求援	EPUB:chapter_2018	false	false
chapter_2019	第三十二节：探索气绝洞天	EPUB:chapter_2019	false	false
chapter_2023	第三十六节：兮的碎片	EPUB:chapter_2023	false	false
chapter_2026	第三十九节：与天庭合作	EPUB:chapter_2026	false	false
chapter_2030	第四十三节：自愿跟随	EPUB:chapter_2030	false	false
chapter_2031	第四十四节：影响五域	EPUB:chapter_2031	false	false
chapter_2032	第四十五节：豆神兵灾	EPUB:chapter_2032	false	false
chapter_2033	第四十六节：房睇长之陨	EPUB:chapter_2033	false	false
chapter_2034	第四十七节：至死后生	EPUB:chapter_2034	false	false
chapter_2035	第四十八节：气绝收血气	EPUB:chapter_2035	false	false
chapter_2036	第四十九节：沙狼城巨变	EPUB:chapter_2036	false	false
chapter_2037	第五十节：灿烂的笑容	EPUB:chapter_2037	false	false
chapter_2042	第五十五节：蓝天破碎	EPUB:chapter_2042	false	false
chapter_2045	第五十八节：三方谋略	EPUB:chapter_2045	false	false
chapter_2047	第六十节：方源现身	EPUB:chapter_2047	false	false
chapter_2048	第六十一节：天庭危局	EPUB:chapter_2048	false	false
chapter_2050	第六十三节：什么情况？	EPUB:chapter_2050	false	false
chapter_2051	第六十四节：幽魂魔威	EPUB:chapter_2051	false	false
chapter_2056	致歉和接下来的更新说明（必看）！	EPUB:chapter_2056	false	false
chapter_2057	今天更新了狂蛮传番外	EPUB:chapter_2057	false	false
chapter_2058	第六十九节：青家之仇	EPUB:chapter_2058	false	false
chapter_2067	第七十八节：悄然撤离	EPUB:chapter_2067	false	false
chapter_2068	第七十九节：万劫变	EPUB:chapter_2068	false	false
chapter_2069	第八十节：中计（为blastocyst盟主加更）	EPUB:chapter_2069	false	false
chapter_2071	第八十二节：幻沙转影	EPUB:chapter_2071	false	false
chapter_2072	第八十三节：幽魂堵得慌（为梦魇十二盟主加更）	EPUB:chapter_2072	false	false
chapter_2073	第八十四节：这还怎么打？	EPUB:chapter_2073	false	false
chapter_2074	第八十五节：幽魂巨人	EPUB:chapter_2074	false	false
chapter_2076	第八十七节：置之死地而后生	EPUB:chapter_2076	false	false
chapter_2077	《蛊真人》不是黑暗文	EPUB:chapter_2077	false	false
chapter_2084	第九十四节：白凝冰战方正	EPUB:chapter_2084	false	false
chapter_2085	第九十五节：诛魔榜！	EPUB:chapter_2085	false	false
chapter_2093	第一百零三节：东海联军	EPUB:chapter_2093	false	false
chapter_2105	第一百一十五节：方源的分身气运	EPUB:chapter_2105	false	false
chapter_2107	第一百一十七节：陆畏因请喝茶	EPUB:chapter_2107	false	false
chapter_2109	目标完成了！	EPUB:chapter_2109	false	false
chapter_2110	第一百一十九节：成尊的四个条件	EPUB:chapter_2110	false	false
chapter_2118	第一百二十七节：五人混战（为盟主谁抢了我的高半仙加更！）	EPUB:chapter_2118	false	false
chapter_2119	第一百二十八节：兄弟情	EPUB:chapter_2119	false	false
chapter_2134	第一百四十三节：吴帅命危	EPUB:chapter_2134	false	false
chapter_2139	第一百四十八节：黑楼兰你太丑	EPUB:chapter_2139	false	false
chapter_2144	第一百五十三节：李小白升仙	EPUB:chapter_2144	false	false
chapter_2145	第一百五十四节：从今天起，你就是诗仙！	EPUB:chapter_2145	false	false
chapter_2147	第一百五十六节：九子龙图	EPUB:chapter_2147	false	false
chapter_2150	第一百五十九节：风兄你？！	EPUB:chapter_2150	false	false
chapter_2162	第一百七十一节：方源该死！	EPUB:chapter_2162	false	false
chapter_2170	第一百七十九节：打酱油	EPUB:chapter_2170	false	false
chapter_2175	第一百八十四节：疯娘	EPUB:chapter_2175	false	false
chapter_2178	风雨六年，蛊界成立！	EPUB:chapter_2178	false	false
chapter_2180	第一百八十八节：一路扫荡	EPUB:chapter_2180	false	false
chapter_2182	第一百九十节：天极子盖槑	EPUB:chapter_2182	false	false
chapter_2201	第二百零九节：巨阳出手	EPUB:chapter_2201	false	false
chapter_2205	第二百一十三节：书山之战	EPUB:chapter_2205	false	false
chapter_2206	第二百一十四节：气海vs毓秀	EPUB:chapter_2206	false	false
chapter_2207	第二百一十五节：眉公、铜公	EPUB:chapter_2207	false	false
chapter_2211	第二百一十九节：方源入元境	EPUB:chapter_2211	false	false
chapter_2212	第二百二十节：抢夺元境	EPUB:chapter_2212	false	false
chapter_2225	第二百三十三节：星宿为难	EPUB:chapter_2225	false	false
chapter_2228	第二百三十六节：楚度之危	EPUB:chapter_2228	false	false
chapter_2237	《蛊真人》盟主群建立！加更政策调整！	EPUB:chapter_2237	false	false
chapter_2241	蛊真人角色选拔活动！	EPUB:chapter_2241	false	false
chapter_2245	第二百五十二节：方源是后路	EPUB:chapter_2245	false	false
chapter_2250	第二百五十七节：方源的爱护	EPUB:chapter_2250	false	false
chapter_2269	全渠道感言	EPUB:chapter_2269	false	false
chapter_2272	第二百七十八节：爱情突然袭来	EPUB:chapter_2272	false	false
chapter_2276	第二百八十二节：弯光台	EPUB:chapter_2276	false	false
chapter_2291	《蛊真人》后期的写法答疑和沟通	EPUB:chapter_2291	false	false
chapter_2302	第三百零七节：打天庭的两大巴掌（3月月票4000加更）	EPUB:chapter_2302	false	false
chapter_2309	第三百一十四节：方源冒险	EPUB:chapter_2309	false	false
chapter_2310	第三百一十五节：幽魂哀嚎	EPUB:chapter_2310	false	false
chapter_2311	第三百一十六节：殃及天下	EPUB:chapter_2311	false	false
chapter_2312	第三百一十七节：三尊图谋幽魂	EPUB:chapter_2312	false	false
chapter_2313	第三百一十八节：人道突破	EPUB:chapter_2313	false	false
chapter_2314	第三百一十九节：九歌助幽魂	EPUB:chapter_2314	false	false
chapter_2315	第三百二十节：衍化仙威	EPUB:chapter_2315	false	false
chapter_2316	第三百二十一节：幽天	EPUB:chapter_2316	false	false
chapter_2317	第三百二十二节：升仙大潮	EPUB:chapter_2317	false	false
chapter_2318	第三百二十三节：师法自然	EPUB:chapter_2318	false	false
chapter_2320	第三百二十五节：方源敬佩星宿	EPUB:chapter_2320	false	false
chapter_2321	第三百二十六节：再得智慧蛊	EPUB:chapter_2321	false	false
chapter_2322	第三百二十七节：心境	EPUB:chapter_2322	false	false
chapter_2323	第三百二十八节：发现自己蛊	EPUB:chapter_2323	false	false
chapter_2324	第三百二十九节：方源要生双胞胎	EPUB:chapter_2324	false	false
chapter_2325	第三百三十节：费雾重生	EPUB:chapter_2325	false	false
chapter_2326	第三百三十一节：混元一气子	EPUB:chapter_2326	false	false
chapter_2327	第三百三十二节：阴阳道多胎蛊	EPUB:chapter_2327	false	false
chapter_2328	第三百三十三节：漂游炼巢	EPUB:chapter_2328	false	false
chapter_2329	第三百三十四节：生下来就有五转蛊	EPUB:chapter_2329	false	false
chapter_2330	第三百三十五节：天道梦境	EPUB:chapter_2330	false	false
chapter_2331	第三百三十六节：三尊再争锋	EPUB:chapter_2331	false	false
chapter_2332	第三百三十七节：围攻林家太上大家老	EPUB:chapter_2332	false	false
chapter_2333	第三百三十八节：剑气化形	EPUB:chapter_2333	false	false
chapter_2334	第三百三十九节：天庭惨败	EPUB:chapter_2334	false	false
chapter_2335	第三百四十节：又一只九转仙蛊	EPUB:chapter_2335	false	false
chapter_2336	第三百四十一节：星宿，请留下命来	EPUB:chapter_2336	false	false
chapter_2337	第三百四十二节：方源战星宿	EPUB:chapter_2337	false	false
chapter_2338	第三百四十三节：天网之威！（百盟加更）	EPUB:chapter_2338	false	false
chapter_2339	第三百四十四节：双尊战方源	EPUB:chapter_2339	false	false
chapter_2340	第三百四十五节：梦求真之危（4月3000月票加更）	EPUB:chapter_2340	false	false
chapter_2341	第三百四十六节：天道梦境的奥妙（4月4000月票加更）	EPUB:chapter_2341	false	false
chapter_2342	第三百四十七节：天鬼匿形	EPUB:chapter_2342	false	false
chapter_2343	第三百四十八节：众生天地我居中	EPUB:chapter_2343	false	false
chapter_2344	第三百四十九节：万事无常有飞黄	EPUB:chapter_2344	false	false
chapter_2345	第三百五十节：巨阳仙尊的解释	EPUB:chapter_2345	false	false
chapter_2346	第三百五十一节：八荒剑叶树	EPUB:chapter_2346	false	false
chapter_2347	第三百五十二节：巨阳坑子	EPUB:chapter_2347	false	false
chapter_2348	第三百五十三节：星宿认败	EPUB:chapter_2348	false	false
chapter_2349	第三百五十四节：屁事没有！	EPUB:chapter_2349	false	false
chapter_2350	第三百五十五节：气海神威	EPUB:chapter_2350	false	false
chapter_2351	第三百五十六节：星宿之谋	EPUB:chapter_2351	false	false
chapter_2352	第三百五十七节：中洲为质	EPUB:chapter_2352	false	false
chapter_2353	第三百五十八节：元始复活大计	EPUB:chapter_2353	false	false
chapter_2354	第三百五十九节：方源大掠中洲！	EPUB:chapter_2354	false	false
chapter_2355	第三百六十节：巨阳撤离	EPUB:chapter_2355	false	false
chapter_2356	第三百六十一节：元始重生	EPUB:chapter_2356	false	false
chapter_2357	第三百六十二节：炸了！！！（4千大章）	EPUB:chapter_2357	false	false
chapter_2358	最后这段路，让我们一起走。	EPUB:chapter_2358	false	false
chapter_2359	第三百六十三节：方源炸天庭的阴谋	EPUB:chapter_2359	false	false
chapter_2360	第三百六十四节：被炸得差点失忆	EPUB:chapter_2360	false	false
chapter_2361	第三百六十五节：惨淡幸存	EPUB:chapter_2361	false	false
chapter_2362	第三百六十六节：天庭觉悟	EPUB:chapter_2362	false	false
chapter_2363	第三百六十七节：三尊齐攻天庭！	EPUB:chapter_2363	false	false
chapter_2364	第三百六十八节：方源、巨阳战星宿	EPUB:chapter_2364	false	false
