line_no	type	sample
40	英文残留	正巧当时在要创建一个账号，ok，于是这个ID就诞生了。
48	英文残留	好像是在六年前，我创下“蛊真人”这个ID，就是心中有个愿望，想见证一个邪恶大反派。他有着自己的行为方式，被世人不容，恣意纵横，又不屑解释。他杀伐果断，从不为情所困，看到美女也绝不腿软。
162	英文残留	正巧当时在要创建一个账号，ok，于是这个ID就诞生了。
170	英文残留	好像是在六年前，我创下“蛊真人”这个ID，就是心中有个愿望，想见证一个邪恶大反派。他有着自己的行为方式，被世人不容，恣意纵横，又不屑解释。他杀伐果断，从不为情所困，看到美女也绝不腿软。
768	作者话候选	（新书期间，稳定更新。目前一天两更，上午八点一更，下午两点一更。）
770	作者话候选	（还有一个通知，以前老书《御妖至尊》的书友群也会做改变。原《御妖至尊》一群、二群，转为《蛊真人》一群、二群，原《御妖至尊》vip群改变为《蛊真人》三群。在今后大约40天的时间内，我会亲自主持管理工作。所以在节假日期间，请老朋友们冒个泡泡，这
986	敏感词:漠北	就在这时，学堂家老喊出第三个名字：“古月漠北。”
998	敏感词:漠北	少年们隔岸看得目瞪口呆，学堂家老欢喜得大叫起来：“好，古月漠北，乙等资质，来这里，让我看看你的元海。”
1000	敏感词:漠北	古月漠北便又回到学堂家老的身边，后者伸出手，搭在少年的肩膀，闭目凝神探查了一番，便收回手，点点头，在纸上记录起来：“古月漠北，元海六成六，可大力栽培。”
1012	敏感词:漠北	也就是说，这古月漠北只要成长起来，就是今后古月一族的家老。难怪学堂长老喜得哈哈一笑，而暗中关注的众家老们都统统舒了一口气，而后又纷纷向其中一位家老投去羡慕的目光。
1014	敏感词:漠尘	这家老也是一副马脸，正是古月漠北的爷爷古月漠尘。他脸上早已经荡漾起笑意，又挑衅地看了一眼自己的老对头：“怎么样，我的孙儿不差吧，古月赤练。”
1014	敏感词:漠北	这家老也是一副马脸，正是古月漠北的爷爷古月漠尘。他脸上早已经荡漾起笑意，又挑衅地看了一眼自己的老对头：“怎么样，我的孙儿不差吧，古月赤练。”
1034	敏感词:漠尘	“哈哈哈，三十六步，三十六步！”古月赤练大叫着，示威地瞪着古月漠尘。
1036	敏感词:漠尘	这次轮到古月漠尘脸色铁青了。
1052	敏感词:漠尘	“古月赤练一直和古月漠尘敌对，这两个家老是家族中最大的两派势力。为了打压对手，他需要自己的孙子资质出众。也正是因为他在背后掩护，古月赤城才能够隐瞒一时。记忆中要不是那场意外，也不会暴露。”
1328	敏感词:漠尘	“怎么可能？你赤练老鬼何德何能，误人子弟的本事倒是不错。这个孩子还不如交给我古月漠尘抚养。”古月漠尘像触电一般，立即咆哮起来。
1900	敏感词:漠北	“我手中只有六块元石，比不上古月漠北，古月赤城这种背后有长辈支持的人。我资质只有丙等，也比不上甲等资质的古月方正。这场考核本来就没有一丁点胜算，还不如分散精力，去寻找酒虫。若是能将酒虫炼成本命蛊，可比月光蛊要好多了。嗯？窗外的雨声小了，似乎
3190	英文残留	我幻想这样的一个情形：当我们老了，朋友们看到“蛊真人”这个id，会心一笑，自言自语：“哦，是他啊，我年轻的时候看过他的小说。我还给他投过推荐票呢。”或者我再翻开以前的版面，看到一个个熟悉的id，曾经打赏的，投月票的，评论的。我会回想，在我独
3502	敏感词:漠北	方正的心中，也有几位假象的劲敌。其中最具威胁的两两位，一个是古月漠北，另一个是古月赤城。
3508	敏感词:漠北	但是现在，夺得第一的，不是古月漠北也不是古月赤城，甚至不是他心中假想敌的任何一人。
3552	敏感词:漠尘	古月一族当权家老之一的古月漠尘，坐在书桌前，看着窗外的春景，悠然地喝着茶：“漠北还没有继续炼蛊么？”
3552	敏感词:漠北	古月一族当权家老之一的古月漠尘，坐在书桌前，看着窗外的春景，悠然地喝着茶：“漠北还没有继续炼蛊么？”
3554	敏感词:漠北	站在一旁的管家连忙答道：“自从上午听到了有关方源的消息，漠北少爷似乎深受打击，没有心情继续炼化月光蛊了。说起来也真是可惜，漠北少爷离成功就差那么一点了。其实要是方正取得第一，那还罢了，可是偏偏是那个丙等资质的方源。所以漠北少爷丧失了兴趣，也
3556	敏感词:漠尘	“哼！你不要为他开脱。”古月漠尘冷哼一声，脸色严肃，语气如铁，“蛊师修行步步艰辛，这点小挫折算得了什么？那方源不过是个丙等，之所以能得第一，想必也是因为运气。他选的那只月光蛊，意志孱弱，才让他捷足先登。如果漠北看不透这点，连这点挫折都承受不
3556	敏感词:漠北	“哼！你不要为他开脱。”古月漠尘冷哼一声，脸色严肃，语气如铁，“蛊师修行步步艰辛，这点小挫折算得了什么？那方源不过是个丙等，之所以能得第一，想必也是因为运气。他选的那只月光蛊，意志孱弱，才让他捷足先登。如果漠北看不透这点，连这点挫折都承受不
3570	敏感词:漠北	“所以，放下这件微不足道的小事。方源他不会是你的劲敌，也不配称为你的劲敌。你真正的强敌，是甲等资质的方正，是漠家的漠北。你听明白了么？”
3684	敏感词:漠北	他重点照顾方正、漠北、赤城这些资质优异的学员，耐心地纠正他们的姿势错误，教授自己的心得。而对方源这种丙等的学员，只是稍微提点两句。
3716	敏感词:漠北	“连他都能发出月刃，我更不能输！”古月漠北双眼闪过一丝坚定。
3848	敏感词:漠北	也就是说，若无进项，方源所剩下的元石只够他维持大半个月的。他不像其他的同龄人，身边或多或少都有亲朋好友帮衬着，尤其是古月漠北、古月赤城这种学员，元石根本不缺。
4052	敏感词:漠北	“终于轮到我了。”这时，古月漠北的马脸上满带自信微笑，走上了场。
4066	敏感词:漠北	不过这样的表现，已经和古月漠北持平，同样得到了家老的表扬。
4068	敏感词:漠北	赤城昂着头走下场，途中挑衅地看了漠北一眼。
4070	敏感词:漠北	“哼！”场下，古月漠北一声冷哼，却没回瞪赤城，而是看向仍旧还未上场的古月方正。
4076	敏感词:漠北	现在古月赤城的成绩已经出来了，和他漠北相平，只剩下古月方正了。
4102	敏感词:漠北	古月漠北和古月赤城二人，亦是面色微沉
4110	敏感词:漠北	这个结果，让学堂家老点点头，漠北和赤城则镇定下来。方正的这个成绩，和他们不相伯仲，就看学堂家老怎么评分了。
4114	敏感词:漠北	接下来的几组，就没有什么看点了。再没有人能表现得比漠北、赤城、方正他们三人更好。
4128	敏感词:漠北	“是那个方源……”古月漠北抬头看了一眼方源，又垂下眼帘，不是很在意。
4162	敏感词:漠北	他在心中已经打定主意，虽然漠北、赤城、方正的成绩都是一样，但他会选方正为第一。
4164	敏感词:漠北	古月漠北和古月赤城的争斗，就是家族中两大当权家老的政治斗争的缩影。学堂家老一直是中间派，不想参合到政治漩涡中去。
4250	敏感词:漠尘	“可恶，竟然又被他夺了第一……”古月漠尘紧紧盯着方源，心中很不忿。
4268	敏感词:漠北	“元石不是重点，关键是班头、副班头这样的位置，代表着荣耀，身份也要凌驾于其他人之上。普通学员见到班头，都要鞠躬问好的。”古月漠北和赤城等人并不缺元石，而是对这份荣耀非常重视。
4274	敏感词:漠北	“古月方源呢？”古月漠北想要找到方源，当面问个清楚。但是方源早已经先一步离开了。
4278	敏感词:漠北	“算了，不过十块元石的奖励罢了，不必在意这种事情，当务之急还是晋升中阶，夺得班头之位。”古月漠北眯着眼睛，看了看身边的古月赤城和古月方正。
4368	敏感词:漠北	“这是怎么回事？！”古月漠北后一步到达，惊呼一声。他看到学堂大门口处，方源站在那里，而周围却倒着五六个学员。
4382	敏感词:漠北	“放你妈的屁！就凭你一个区区丙等，也想战胜我堂堂乙等？”古月漠北勃然大怒，抡起拳头，第一时间向方源冲去。
4386	敏感词:漠北	然后伸出左手，并起食指和中指，往漠北锁骨中央，喉咙下部的那块方位，准确一戳。
4388	敏感词:漠北	漠北顿时两眼一黑，扑通一声，倒在地上，昏过去了。
4430	敏感词:漠北	“那不是古月漠北么？”古月赤城看着地上昏迷过去的漠北，目瞪口呆。
4840	敏感词:漠北	“方源，你欺人太甚。我要向你挑战！”古月漠北怒吼一声，率先战了出来。
4844	敏感词:漠北	漠北举起双拳冲了过去，几个回合后，他昏倒在地。
4846	敏感词:漠北	“漠北你太没用了，看我的！”古月赤城大吼一声，冲向方源。
4848	敏感词:漠北	攻防转换了一下，他就步入了漠北的后尘。
4862	敏感词:漠北	“我苦练基本拳脚连续七天，想不到只在方源的手中支持了两招，就被他再次击昏。耻辱，耻辱啊！”古月漠北心中充满了羞愤恼怒。
4868	敏感词:漠北	听到这个熟悉的声音，古月漠北脸色一松，停止了攻击，转过头去：“姐姐，你回来了！”
4870	敏感词:漠北	“嗯，家族委派了侦察任务，出去了十几天……”古月漠颜笑着答道，她是漠北的亲姐姐，目前已经是二转中阶的蛊师。
4874	敏感词:漠尘	“啊，没什么事。这是我不小心走路摔跤，磕到的。”漠北脸上闪过一丝慌乱之色，胡乱搪塞了一个理由，他可不希望姐姐知道自己这么糗的事情。堂堂漠之分家未来的掌权人，古月漠尘的亲孙子，居然连续两次被人打昏。
4874	敏感词:漠北	“啊，没什么事。这是我不小心走路摔跤，磕到的。”漠北脸上闪过一丝慌乱之色，胡乱搪塞了一个理由，他可不希望姐姐知道自己这么糗的事情。堂堂漠之分家未来的掌权人，古月漠尘的亲孙子，居然连续两次被人打昏。
4890	敏感词:漠尘	书房中，古月漠尘背对着她，正站在书桌前练字。
4892	敏感词:漠尘	“回来了？”古月漠尘并没有回头，而是直接问道，“在外面侦察了半个多月，那狼巢的情况怎么样？”
4896	敏感词:漠尘	“哼，全家上下，除了你能仗着我的宠爱不守规矩，连门都不敲一下。还能有谁？”古月漠尘带着责备的语气，不过转过身来，脸色却很温和，望着漠颜眼中带着笑意。
4902	敏感词:漠尘	古月漠尘脸色一肃：“你还没有回答我的话呢。”
4908	敏感词:漠尘	古月漠尘又问：“每三年基本上都会有一次狼潮，这并不稀奇。只是那狼群中，有多少只雷冠头狼呢？”
4912	敏感词:漠尘	古月漠尘点点头，放下心来。雷冠头狼是狼群中的首领，狼潮冲击山寨时，最棘手的存在。
4918	敏感词:漠尘	“告诉你也无妨，漠北是被人打了，七天前一次，今天第二次。是在学堂大门口被揍趴下的，两次都是当场昏迷。”古月漠尘笑着道。
4918	敏感词:漠北	“告诉你也无妨，漠北是被人打了，七天前一次，今天第二次。是在学堂大门口被揍趴下的，两次都是当场昏迷。”古月漠尘笑着道。
4922	敏感词:漠尘	“是他的一个同窗，叫做方源。他打得好啊……”古月漠尘呵呵笑出了声。
4924	敏感词:漠北	漠颜眼睛瞪得更大了，不解地问道：“爷爷，您这是什么话？漠北可是你亲孙子！”
4926	敏感词:漠尘	古月漠尘深深地看了孙女一眼，语重心长地道：“漠颜啊，你是女孩子，可能不懂。失败和耻辱会使人进步。没有失败，是淬炼不出一个成熟的男人的。”
4928	敏感词:漠北	“漠北被打了，是他自己的失败。他一清醒，就开始向护院们讨教拳脚功夫，这是一种进步。而这种进步，就是方源带来的，打醒他的。你作为他的亲姐姐，若要真正意义上爱护他，不要去干涉他的成长。方源只是个丙等的穷小子，漠北是乙等资质，身后又有我们，迟早有
4930	敏感词:漠北	“把这个对手留给漠北吧。女人的一生中，需要亲友爱人。而男人的一生中，亲友爱人可有可无，但惟独不能缺少对手。你不要去找方源的麻烦，知道吗？这是小一辈的事情。你参合进去，就是以大欺小。打破其中的规矩惯例，别人也会看不起我们漠家的。”
4932	敏感词:漠尘	漠颜几次张口欲言，但在古月漠尘的目光注视下，她最终还是低下了头，回答：“是，爷爷。孙女明白了。”
4934	敏感词:漠北	她垂首退出书房，就算是古月漠北也没有发现——她的眼中一直闪着别样的光。
5248	敏感词:漠北	“臭小子，你终于睁开眼了。你要修炼到什么时候？！赶紧出来吧，伸头一刀缩头也是一刀。你打了我们家的漠北少爷，被我家大小姐教训是早晚的事情。”看到方源终于有了动静，一直站在门口处的豪奴高碗顿时来了精神。
5592	敏感词:漠北	“是漠家啊，不好了，漠北这下麻烦了。”
5594	敏感词:漠北	很多少年都看向古月漠北。
5596	敏感词:漠北	漠北脸色苍白地坐在位置上，他也是今早刚刚得知的消息。方源居然杀了人，还杀了他熟悉的高碗！
5598	敏感词:漠北	这个高碗漠北很熟悉，在家奴中很活跃，善于奉承，又苦练过拳脚功夫，是个得力的狗腿子。
5600	敏感词:漠北	前一段时间，高碗还和他漠北对练了一会儿。想不到就这样被方源杀了！
5602	敏感词:漠北	正因为这样，漠北心中的震惊、难以置信，比其他人还要浓重一倍。
5606	敏感词:漠北	面对方源这样的杀人凶手，十五岁的漠北要说不怕，那是假话。
5708	敏感词:漠尘	“我叮嘱过你什么？看看你做的好事！”书房中，古月漠尘拍着桌面，在大发雷霆。
5716	敏感词:漠尘	古月漠尘怒喝起来：“你还好意思说！你是翅膀硬了，不把我说的话放在心上了，是不是？我告诫过你什么，你都忘了一干二净了！”
5720	敏感词:漠尘	古月漠尘手指着窗外，训斥道：“哼，那个什么家奴死了也就算了，但你现在还盯着方源不放，真是鼠目寸光，不知轻重！你知道你此举的意义吗？小辈争斗，是他们的事情。我们做长辈的，不要去插手。这是规矩！现在你找方源的麻烦，就是坏了规矩。如今不知道有多少
5724	敏感词:漠尘	“哦，是这样？”古月漠尘眉头皱了一下，他还是首次听到这个信息，眼中不禁闪过一抹精光。
5728	敏感词:漠尘	顿了一顿，古月漠尘用手指敲敲桌面：“来人，把那个盒子拿过来。”
5734	敏感词:漠尘	“你何不打开看看？”古月漠尘眯着双眼，语气有些复杂。
5758	敏感词:漠尘	书房中三人，唯有家老古月漠尘面色不变，他淡淡地扫了一眼这盒子的血肉，对漠颜缓缓地道：“这个盒子，就是方源今早摆放在我家的后门处。”
5770	敏感词:漠尘	“混账东西，你给我站住！”古月漠尘比她更怒，随手抓住书桌上的一块砚台，就甩手扔了出去。
5776	敏感词:漠尘	古月漠尘站起来，手指着自家孙女，语气很激动：“看来这些年你是白白历练了，你真是令我失望！对付一个小小的一转初阶的蛊师，你劳师动众不说，还一直被对方牵着鼻子走。现在又被愤怒冲昏了头脑，到现在你还明白方源此举的含义吗？”
5780	敏感词:漠尘	古月漠尘哼了一声：“方源若是一心想要挑衅，把此事闹大，何不将这箱子放在人来人往的正门，反而放在了人迹罕至的后门？”
5784	敏感词:漠尘	古月漠尘摇摇头，又点点头：“他是想和解，又的确在挑衅。他将木盒放在后门，是想和解。在木盒中装了碎尸，是在挑衅。”
5790	敏感词:漠尘	“这手段真是高明啊。”古月漠尘感慨道，“只是一个举动，就刚柔并济，进退有据。这个简简单单的木盒子，既表示了方源的妥协之意，又是他针对我们漠家的威胁。偏偏我们漠家，还真的被他捏住了软肋。漠家的名誉若是因此受损，紧接而来的，就是赤家的发难，族长
5794	敏感词:漠尘	“高看？”漠尘不悦地看了孙女一眼，“看来你这些年顺风顺水惯了，养成了自大的毛病，有些看不清现实。这方源先是临危不乱，诓骗你进入学堂。而后急中生智，在宿舍避祸。接着任你辱骂却不逞强，这是隐忍冷静。你走后他立刻杀了高碗，是坚毅勇敢。现在又送来这
5798	敏感词:漠尘	古月漠尘抚须长叹：“是啊，他只是个丙等。拥有如此心智，却只是丙等资质，实在是可惜。只要资质再高一层，是个乙等，他必将是我古月一族未来的风云弄潮儿。可惜是丙等啊。”
5804	敏感词:漠尘	“这件事情，是你一手造成的。你觉得怎么处理？”古月漠尘忽然打破沉默，开始考较漠颜。
5808	敏感词:漠尘	“嗯，你能以大局出发，暂时抛开个人感情，维护家族的利益，这点很好。不过这个处理手段还是欠妥。”古月漠尘抚须点评道。
5812	敏感词:漠尘	古月漠尘沉吟道：“此事由你而起，爷爷就罚你禁闭七天，从此以后不要再找方源的麻烦。高碗以下犯上，一介奴仆冒犯主子，该死，其罪当诛！因为他是漠家的家奴，漠家也有管教不严的责任，就赔偿那方源三十块元石吧。至于高碗的家人，给予他们五十块元石的补贴，
5972	敏感词:漠尘	方源又联想自身境况，心中早已运筹帷幄：“对漠家掌权人古月漠尘来讲，就是要维护本脉的繁荣和利益。漠颜找我麻烦，已经是坏了规矩，为了维护家族名誉，他必定不会对我动手。甚至还可能主动补偿我。”
5974	敏感词:漠尘	“其实漠家势力雄厚，凭着名誉受损，一心想要惩罚我，我也无力抵抗。但是古月漠尘心中却是怕的。他不是怕自己坏了规矩，而是担心其他人跟着他也开始坏规矩。小辈争斗，若是长辈插手，事态就会扩大，若是波及高层，对整个山寨就是巨大威胁。古月漠尘担忧害怕就
5974	敏感词:漠北	“其实漠家势力雄厚，凭着名誉受损，一心想要惩罚我，我也无力抵抗。但是古月漠尘心中却是怕的。他不是怕自己坏了规矩，而是担心其他人跟着他也开始坏规矩。小辈争斗，若是长辈插手，事态就会扩大，若是波及高层，对整个山寨就是巨大威胁。古月漠尘担忧害怕就
5984	敏感词:漠尘	“不过，我此番送了一盒子的碎尸，估计古月漠尘会解读成妥协和威胁之意罢。这也正是我想要他这么理解的。不出意外，漠家不会追究高碗的死了。当然，若是我资质再高一层，是个乙等，漠家就会感觉到威胁，凭着名誉受损，也要打压我这个未来的威胁。”方源心中冷
5990	敏感词:漠尘	寻常人物，大多也只是类似古月漠尘或者学堂家老，也只是知道自己的规矩，隔行如隔山。像方源这样，洞察大局，精通规矩何其难也！
6682	敏感词:漠北	他已经越来越感觉到，周围同窗各自明显的进步。尤其是在最近的几次勒索中，古月漠北、赤城，还有弟弟古月方正这三人，拳脚功夫进步的程度很大。以前只要一两招就能收拾，现在却需要五六招。
7034	作者话候选	因为是新书期的关系，一般都是每天稳定两更。所以请大家不要投催更票了呀，含泪打滚呀。投了我也吃不到呀。等上了架，我会加快更新速度的。这本书至少会每天两更！
7384	敏感词:漠北	交手了十几招后，古月漠北被方源一脚踢中腹部，踉跄着倒退五六步，正好退出了地上画着的圆圈。
7386	敏感词:漠北	拳脚教头站在场下，一直在主持着场面。看到此景，立即宣布：“古月漠北被击出场外，古月方源连胜三十三场！”
7388	敏感词:漠北	“哼，这次又输给你了。”古月漠北咬咬牙，双眼紧紧地盯着方源，“不过你不要嚣张。终有一天，我会打败你的。而我已经感觉到，这天已经越来越近了！”
7392	敏感词:漠北	“这点小伤算什么？”古月漠北刚反驳了半句，忽然面色一变，喉咙不禁一滚，呕出一口鲜血。
7398	敏感词:漠北	话音刚落，两位待在场外的治疗蛊师，就赶了过来，小心翼翼地将古月漠北搀扶了出去。
7400	敏感词:漠尘	古月漠尘不敢再说话，他深深地看了方源一眼，目光中充满了恼怒、愤恨、遗憾，以及不甘心。
7402	敏感词:漠北	“漠北虽然拳脚功夫很好，但还是打不过方源啊。”
7406	敏感词:漠北	“漠北居然被打得吐血，真是可怕呀。我可不想跟这个家伙打。”
7416	敏感词:漠北	但是没人应答，平日里有勇气挑战方源的，只有古月漠北、古月赤城，还有古月方正三人。但是这三人，都已经被打了下去。
7428	敏感词:漠北	“和他交手的同窗，都好惨的。漠北甚至还被打得吐血了。”
7638	敏感词:漠北	学堂家老凭借着丰富的经验，心中早已估算过：真正有希望率先晋升的，只有古月方正、赤城还有漠北这三人。
7642	敏感词:漠北	“古月方正、赤城还有漠北这三人，才是此届的希望种子啊。”学堂家老望着演武场，感叹一声。
7650	敏感词:漠北	第三个圈子，则是古月漠北。他已经被治好了内伤，此时站立在场中，脸色苍白。身边的同窗在向他嘘寒问暖。
7658	敏感词:漠北	面对方源，一直敢于正面对抗挑战的，只有方正、漠北以及赤城。
7720	敏感词:漠北	古月漠北站在院子里，仰首看着月亮，双目炯炯发亮。
7724	敏感词:漠北	“姐姐，你是担心我今天被打得吐血，会因此有了阴影吗？”漠北转身，嘴角一翘。
7728	敏感词:漠北	“呵呵呵，就知道姐姐最疼爱我了。”漠北挠挠头皮，嘻嘻笑着。
7734	敏感词:漠北	“姐姐，你别这么摸我头，我已经长大了。”漠北摇晃了一下脑袋，用略带不满的语气道，“你说的我都知道。我已经有了计划，正好趁着这些天，来温养空窍四壁，完成从初阶到中阶的晋升。先取得班头的位置，把方源那家伙的风头压下去。让他知道，蛊师修行真正注重
8148	敏感词:漠北	古月漠北握紧双拳，古月赤城狠狠地咬着牙关。
8308	敏感词:漠北	一切都在方源的意料当中。事后，学堂家老就令治疗蛊师，救助了那两个侍卫。侍卫的命保住了，但是落下了重等伤残，被学堂家老驱逐出了学堂。方源没有受到任何的惩罚，反而被表扬了一通。这样的结果，更令其他少年们感到惊惧。但这事还远远没有结束，随着时间的
8346	敏感词:漠北	古月漠北大摇大摆地走着，所到之处，学员们无不向他鞠躬致礼。
8354	敏感词:漠北	此时落日西下，残阳如血，漠北看着，心中欢喜地想到：“怎么以前就没觉察过，这夕阳红润的真是可爱啊……”
8356	敏感词:漠北	“哼，当了一个班头就抖起来了，有什么了不起的。”古月赤城故意走在后面，就是不想向古月漠北行礼问好。
8384	敏感词:漠北	一群少年簇拥着古月漠北走了过来。
8386	敏感词:漠北	看到方源堵在校门口，古月漠北大怒，手指向方源：“方源！你好大的胆子，居然还敢堵我们？！我现在已经是班头，你这个普通学员见了我，首先要鞠躬问好！”
8390	敏感词:漠北	古月漠北猝不及防，被一拳打中，不禁倒退几大步，一脸的难以置信：“你打我，你居然敢打我？我可是班头啊！”
8396	敏感词:漠北	几次攻防转换之后，古月漠北被方源击倒在地，昏迷过去。
8414	敏感词:王大	“哼哼，方源是什么样的人物，你也想去招惹？想想王大、吴二两个人现在是什么的下场吧！”
8420	敏感词:漠北	方源收拾了古月漠北，又收拾了方正和赤城。
8462	敏感词:漠尘	若他真的这样做了，第一个绕不过他的就是族长。第二个第三个对他有意见的，就是古月赤练和古月漠尘。
8466	敏感词:漠尘	同时对赤练和漠尘来讲，他们也希望各自的孙子，能够在这种挫折中成长。
9086	敏感词:漠北	“方源的确屡次出我意料，有一丝横空出世的意味。我一直在暗中关注方正，也早就知道他方源抢劫勒索的事情。就让他继续抢好了，用他好好磨一磨方正、漠北还有赤城这些璞玉。这很有好处啊，至少此届学员是我见到的拳脚功夫最扎实的一届了。”
9206	敏感词:漠尘	“学堂家老被留下，看来古月博是想插手学堂事务，取消对我的打压。依他的格局，倒是有这种气量。不过他的真正目的也不在于我，主要的出发点应该是古月方正。我把事情闹大的目的之一，就是引出风波，让高层注意。古月博不出面，也会有古月漠尘、古月赤练为了维
9566	敏感词:漠尘	在他的身后，依次是古月漠尘、古月方正，以及古月赤城。
9722	敏感词:漠尘	“该我了！不知道方源是否选择了那只蛊虫？”古月漠尘看到方源出来，急忙迈出大步，跨进了蛊室。
9764	敏感词:漠北	“而古月漠北选的是黄骆天牛蛊，此蛊增加耐力，能持久战。这就透露出漠北坚韧顽强的个性。”
9782	敏感词:漠北	他告诉方正漠北、赤城两人的选择，自有其深意。
9788	敏感词:漠北	身为族长，一言一行，都有着政治属性。若是直接指使方正，对付赤城和漠北，这话传出去，说不定就被人误解成族长的政治意图。这样的话，影响可就大了，搞不好家族内斗，还会祸及整个山寨。
9792	敏感词:漠北	“我替方正分析漠北和赤城的性情，他根本就没有意识到里面蕴藏的深意。反而问我古月方源的情况。看来方源留给他不少的阴影，不过他正是少年叛逆的时期，一心想压过方源，也可以理解。唉，若是方正有方源的智慧就好了，这些年我见过不少的少年，要论政治智慧，
10240	敏感词:王二	“王二哥，论我们村，打猎的本事谁都不如您啊。尤其是猎杀山猪，你们家的王老爷子可是方圆百里的猎王，大名鼎鼎，谁人不晓？”
10242	敏感词:王二	“是啊是啊，王二哥你继承了老爷子的真传，要猎一头山猪，自然是手到擒来！”
10244	敏感词:王二	“王二哥，今天王小妹怎么没有跟着你来呀？”
10248	敏感词:王二	二狗蛋却道：“男大当婚女大当嫁，我喜欢王家妹子犯法么？再说了，又不是只有我一个人喜欢，我们村那个男的不喜欢？王二哥，要我说你过年也十九了，这么大也该娶个老婆生娃子了。”
10256	敏感词:王二	当他看到方源之后，他立即眉头一拧，喝道：“嗯？你是哪个村哪户人家的小孩，居然也想捡我王二的便宜。还不快滚！”
10264	敏感词:王二	“滚？”方源听了王二这话，顿时一声冷笑，挥掌朝前一切。
10292	敏感词:王二	“哼，一群没用的东西，怕什么？不就是一个蛊师学员吗！”唯有王二仍旧站着，方源二话不说就动杀手，这让他又惊又怒，双臂往后一展，腰部往后一扬一缩，也不知什么动作，就将背在身后的弓箭握在了手中。
10294	敏感词:王二	“停住，你再过来，我就一箭射穿你！”王二一边后退，一边弯弓搭箭，同时口中咆哮着。
10296	敏感词:王二	“嗯？”方源眯起了双眼，这个王二有些棘手。寻常凡人见到蛊师，哪个不心中畏惧，但他却能保持镇定，倒是有些胆量。
10300	敏感词:王二	又一记月刃飞了出去，射向王二。
10302	敏感词:王二	“不识抬举。”王二冷哼一声，心中杀机顿起。
10308	敏感词:王二	方源身形一矮，头微微一低，就避过这箭，仍旧不断前冲，很快就接近了王二。
10310	敏感词:王二	王二非常果敢，立即丢了手中的弓箭，抡起碗口大的拳头，悍然迎上方源。
10320	敏感词:王二	“死吧！”王二眼中凶芒四射，脸上横肉扭动，既狰狞又疯狂，像是一条嗜血的恶狼。
10332	敏感词:王二	就在这千钧一发之际，他避过拳头，强行扭转身躯，冲到王二的左手一侧。
10334	敏感词:王二	王二狞笑一声，挥拳横扫，拳头后发先至，立即就要追上方源的后背。
10340	敏感词:王二	方源冷笑一声，身体在空中一个侧翻，让过王二挥来的拳头，同时右手一甩。
10346	敏感词:王二	王二顿时全身汗毛一炸，感到了史无前例的危机。他慌忙把头一歪，下一刻，幽蓝色的月刃飞过。
10348	敏感词:王二	“王二哥小心啊！”
10360	敏感词:王二	午后的烈日铺成出一片白炽的大背景，在这背景下，王二的身形简化成一个黑呼呼的影子，他后仰在空气中，矫健的身躯扬起一个弧线，如张开的一把弓，充满了男性力量的美感。
10370	敏感词:王二	代表王二的黑影，也顺着惯性，慢慢落下。
10404	敏感词:王二	“王二哥——？”一个猎户叫起来，声音充满了惊惶。一直以来，王二都是他们的头领。
10408	敏感词:王二	“王二哥是我们最强的猎手，前一刻他还和我们谈笑风生，想不到下一刻，他就死了！”
10416	敏感词:王二	刚刚他为了躲避王二的挥拳，在空中侧翻，因此就失去了平衡。射出了一记月刃后，就倒在了地上。
10418	敏感词:王二	不过这个侧翻倒地是值得的，若是中了王二那样的拳头，估计当场就要呕血。毕竟方源没有防御性的蛊虫，身躯还是十五岁的少年。
10422	敏感词:王二	“这个王二，很强，比那个漠家豪奴高碗还要强！若是寻常的学员碰到他，必败无疑。甚至就算是一转高阶的蛊师，也会因为大意栽在他的手中。”方源深深地看了王二的尸体一眼。
10426	敏感词:王二	这个王二，的确是个好手。
10432	敏感词:王二	这要换任何一个学员，都是必输无疑。不过王二不幸的地方在于，他碰到了方源。
10440	敏感词:王二	王二不得不弃掉弓箭，想和方源肉搏。
10442	敏感词:王二	但是方源亦没有想和王二贴身近战，他巧妙地利用角度和阳光，造成王二的破绽，然后射出第三道月刃。
10444	敏感词:王二	他如今已经晋升中阶，用了酒虫精炼真元，月刃就达到了高阶蛊师才有的攻击程度。如此近的距离，再加上王二视线模糊，击中王二是必然的事情。
10446	敏感词:王二	“不过这个王二，也着实精悍。我原本是想将他枭首，但是危急关头，他靠着感觉和反应力，居然硬生生避让大半，导致我的月刃只削了他的半个脑壳。”
10450	敏感词:王二	方源最后看了一眼王二的尸体，在心中叹了一口气。
10524	敏感词:王二	他话音刚落，从栅栏外就走进来两个年轻猎手，他们一人在前，一人在后抬着王二的尸体。
10528	敏感词:王二	“二哥——！”少女则凄凉地大叫一声，立即冲了过去，扑上王二的尸体，瞬间泪流满面。
10538	敏感词:王二	现在王二以下犯上，冒犯主子，按照族规，全家都得受到牵连！
10712	敏感词:王二	方源前世，什么样的话没听过？单凭一个“滚”字，还不至于让他杀了王二。
10716	敏感词:王二	杀死王二，减少阻力，才能更顺利地得到这张地图。那为什么不杀呢？
10750	敏感词:王大	“王猎头原本有个婆娘，但是十多年前，就被闯入村中的野狼给杀了。他婆娘死之前，给王老头生了两男一女。但是大儿子王大，在三年前打猎，死在了山上。王家没人了。”
10760	敏感词:王大	“我，我想起来了！王老汉其实还有一个媳妇，就是王大的老婆。但是王大失踪之后，那婆娘也殉情死了，那一年，山寨上面还特意送下来一个贞洁牌坊呢。不过我听说，其实王大的老婆想要改嫁，是被王老汉逼死的。大人您杀了王老汉，是除暴安良，为民造福啊。”
10832	敏感词:王二	“只是学弟啊，你还没有从学堂走出来，没有学长我的这身蛊师的衣裳。否则那王二看见这身衣裳，就知道你蛊师的身份，又怎么会冒犯你呢？学弟你是个聪明人，你说是不是，呵呵。”江鹤又道。
11116	敏感词:漠北	“算了，书虫向来数量稀少，短时间之内空想也得不到。其实说起来，重生之后我如今的处境，比前世同期不知道要好上多少倍了。前世这个时候，我还在一转初阶，而其他人诸如方正、赤城、漠北，都已经到了高阶，远远地把我甩在身后了。”方源不是那种钻牛角尖的人
11128	敏感词:漠尘	蛊师的前期修行，算是比较容易，短时间之内就能看到效果的。尤其是古月方正、古月漠尘还有古月赤城这三人，其修为已经有隐隐反超方源的架势。
11202	敏感词:漠北	“哼，居然是输给方正了。”古月漠北坐在位置上，抱着双臂，有些不甘心。
11212	敏感词:漠北	“是啊，连漠北、赤城还有方源，都败给了方正。方正这下子独领风骚了。”
11306	敏感词:漠北	“你说方源此次勒索学员，虽然打败了方正、赤城还有漠北三人，但是却放过了他们，没有收取他们的元石？”听到侍卫的禀告，学堂长老露出了微微诧异的表情。
11320	敏感词:漠北	但是他没有想到的是，方源此次不仅没有打这三十块元石的主意，还主动放过了漠北、赤城还有方正三人。
11322	敏感词:漠北	“方源有数百块的元石在身，也许看不上这三十块元石，这可以理解。但是主送放弃勒索漠北、赤城还有方正，这是什么缘由？”
11328	敏感词:漠北	漠北、赤城、方正这三人，可以说代表着家族的三大势力。方源放过这三人，意义不言而喻，是主动向这三大势力示好。这亦可以理解为，方源心理的转变，他想要对家族低头的信号。
11374	敏感词:漠尘	古月漠尘面色激动，双目炯炯，心神完全沉浸在了这场战斗当中。
11378	敏感词:漠尘	古月漠尘喘了粗气，也一屁股坐倒在地上，浑身上下都是泥土或者青色的草屑，同时还有淋漓的大汗。
11412	敏感词:漠北	那蛊师立即答道：“禀告大人，目前为止，古月方源、方正、漠北、赤城这四人名列前茅。其中赤城已经杀了三头野猪，方正、漠北斩了五头，方源最多，已经有八头的斩获。”
11420	敏感词:漠北	“我相信接下来，方正、漠北、赤城这三人定会超过他。虽然他有酒虫，但是真元的恢复速度，还远远不是甲等、乙等学员的对手。”
11424	敏感词:漠北	“你下去罢。”学堂家老则对跪在地上的蛊师挥手，“叮嘱其他人，一定要做好防护工作。尤其是方正、赤城、漠北这三人的安全，需要严格的注意！”
11536	敏感词:王二	一个猎手说：“王二哥，要我说你过年也十九了，这么大也该娶个老婆生娃子了。”
11538	敏感词:王二	王二却道：“哼，男子汉大丈夫，怎么能贪图这点小小的美色！总有一天，我要走出这个青茅山，外出闯荡，见识天下，才不愧是我这男人身！”
11540	敏感词:王二	第二次，是自己动手之后，王二的异常镇定。他弯弓搭箭，直指方源。而其他三人则已经在求饶了。
11546	敏感词:王大	有个猎手答道：“王猎头原本有个婆娘，但是十多年前，就被闯入村中的野狼给杀了。他婆娘死之前，给王老头生了两男一女。但是大儿子王大，在三年前打猎，死在了山上。王家没人了。”
11548	敏感词:王大	“我，我想起来了！王老汉其实还有一个媳妇，就是王大的老婆。但是王大失踪之后，那婆娘也殉情死了，那一年，山寨上面还特意送下来一个贞洁牌坊呢。不过我听说，其实王大的老婆想要改嫁，是被王老汉逼死的。大人您杀了王老汉，是除暴安良，为民造福啊。”
11554	敏感词:王二	大儿子王二，在三年前打猎，死在了山上……
11556	敏感词:王大	王大的媳妇，想要改嫁，被王老汉逼死，得了一个贞节牌坊……
11562	敏感词:王二	王二年纪轻轻，面对蛊师却很镇定。同时不娶妻，心中有超越凡人层次的壮志……
11576	敏感词:王大	“王大，并没有死。”
11590	敏感词:王大	“因为某种机缘，可能性最大的是在某个蛊师尸体上，得到了一笔遗产，王大在三年前成了一名蛊师。为了掩人耳目，他放出死亡的假消息，实际上根本没有人见到过他的尸体。王老汉一家知道这件事情之后，就搬出了村子，冒着被野兽侵袭的风险而离群索居，为的就是继
11592	敏感词:王大	“但是其中出现了一些分歧，王大的妻子不同意，也许是想要上报古月山寨。王家就只好将这妻子杀害，又故意放出一些似真似假的小道消息。什么想要改嫁，什么逼死之类的，将真相牢牢地掩盖在这些流言蜚语之下。”
11594	敏感词:王大	“王大每隔一段时间，会回家居住。王老汉就赶走那些上门求教经验的年轻人。王二和哥哥王大相处之后，对蛊师的惧怕之情渐渐消除，自然而然地生出了自己也要成为蛊师，外出闯荡的雄心壮志！”
11594	敏感词:王二	“王大每隔一段时间，会回家居住。王老汉就赶走那些上门求教经验的年轻人。王二和哥哥王大相处之后，对蛊师的惧怕之情渐渐消除，自然而然地生出了自己也要成为蛊师，外出闯荡的雄心壮志！”
11596	敏感词:王大	“因为担心王大的行迹泄露出去，王二这么大的年纪，都没有冒然娶妻。王大并不能总在家中居住，所以王老汉在兽皮地图上画着三个红圈，这三个地方，应该都是这样的隐秘居所。狡兔三窟，王大就在这些住处轮流居住，生活在三大山寨的势力夹缝之中。”
11596	敏感词:王二	“因为担心王大的行迹泄露出去，王二这么大的年纪，都没有冒然娶妻。王大并不能总在家中居住，所以王老汉在兽皮地图上画着三个红圈，这三个地方，应该都是这样的隐秘居所。狡兔三窟，王大就在这些住处轮流居住，生活在三大山寨的势力夹缝之中。”
11602	敏感词:王大	“也许每年的固定时间，王大都要回家居住一段时间。他回来之后，看到家人都死了。秘密打听之后，就查出了我，所以墙上用匕首钉着我的画像，就是为了找我报仇！”
11610	敏感词:王二	他先杀王二，后杀王老汉、王家妹子，是为了更直接的得到兽皮地图。王老汉是附近村庄中第一的猎人，他的兽皮地图当然最有价值。
11620	敏感词:王大	如果他当时心慈手软，想要获得王家的兽皮地图，王二、王老汉、王家妹子都将是巨大的阻力。他们为了保护王大的秘密，绝对不会掏出真品。
11620	敏感词:王二	如果他当时心慈手软，想要获得王家的兽皮地图，王二、王老汉、王家妹子都将是巨大的阻力。他们为了保护王大的秘密，绝对不会掏出真品。
11622	敏感词:王二	王二的战力，已经能灭杀一般的一转高阶蛊师。王老汉更是老而弥辣，真正厮杀的话，比王二的威胁还要更大。
11624	敏感词:王大	就算是得了真品，王老汉将详情告知王大，王大会立即得知方源的准确信息。不管他怎么处理，他在暗方源在明，主动权都牢牢地掌握在他的手中。
11626	敏感词:王大	“幸亏自己一动手就杀人！不管如何，一直将局面掌控在了自己手中。这样一来，哪怕最终得不到真品，自己也没有损失，还可以再抢其他猎户的。而且干脆利落地杀了王老汉和那丫头，让这王大耗费时间搜集自己的情报。不用说了，那活下来的两个年轻猎户，一定已经被
11628	敏感词:王大	知情者只有几个，王大不会对江鹤动手，江鹤一死，族内就会派遣人手调查。而那两个猎户在山上失踪的话，就很好操作。江鹤为了族内关于自己的评价，也不会暴露这种事情，反而会替王大遮掩。
11638	敏感词:王大	凭借着前世经验积累出来的智慧，方源察觉到了王大的存在，
11640	敏感词:王大	那么王大的实力是如何的呢？
11642	敏感词:王大	方源没有见过这个王大一面，但是单凭眼前的这些东西，就足以让他分析出很多情报来。
11656	敏感词:王大	方源虽然没有任何侦测类的蛊虫，但是凭借自身的经验和智慧，硬生生地将王大的修为和蛊虫，都大致地分析了出来。
11674	敏感词:王大	“王大想要杀我，那么现在这次年中考核，绝对是一个大好良机。平常的时候，学员们都居住在山寨当中，凭他二转修为，不可能潜入山寨，那是纯粹找死。”
11716	敏感词:王大	“那么该往哪里走，才能将遭遇王大的可能减少到最小？”方源的脑海中浮现出一张地图。
11718	敏感词:王大	“王大已经知道我有了兽皮地图，现在他应该潜伏在山林当中，按照地图上野猪的分布，在四处寻找我。我不能去这些地方，只有反其道而行，才能搏出一线生机。”想到这里，一个略显疯狂的撤退路线，在方源的脑海中隐约成形。
11726	敏感词:王大	“方源，终于让我找到你了……”王大咬着牙齿，在肚子里撕吞咀嚼这个名字。
11730	敏感词:王大	仇人近在眼前，但是王大却没有动手，而是将目光隐晦地转向其他几个位置。
11736	敏感词:王大	王大小心翼翼地在这片山林中潜行穿梭，已经收集到了不少相关的情报。
11742	敏感词:王大	“幽影随行蛊。”王大慢慢地闭起双眼，心中默念一声。
11760	敏感词:王大	王大如毒蛇扑食的瞬间，闪电般出手！
11770	敏感词:王大	“总共用了一成真元，还剩下四成。”王大留神了一下空窍，没有停留，再次融化为一团黑暗。
11772	敏感词:王大	片刻之后，隐蔽在山石后的第二位蛊师，也惨遭王大的毒手。他的瞳孔缩成针尖大小，倒在了地上。
11776	敏感词:王大	“还剩三成真元。”王大默念一声，身形又再次化为了一团黑暗。
11778	敏感词:王大	“什么人！”第三位蛊师隐蔽在一棵大树的树枝上，他在关键时刻察觉到了不对劲，在王大动手之时，猛地转身，两只手牢牢架住王大的两只毒手。
11780	敏感词:王大	“该死！”王大狞笑一声，十片指甲猛地疯长起来，在瞬间伸长五厘米，插进蛊师的前臂，刺破他的皮肤。
11792	敏感词:王大	一道月刃闪出，正中王大的左肩，然而从他的后背穿射而出。
11796	敏感词:王大	王大闷哼一声，身体摇晃了几下，而这蛊师却已经双眼翻白，再无一丝气息。
11798	敏感词:王大	“没错，这就是爱别离……”王大在结实的树枝上，摇晃地站起来，露出一丝惨笑。
11802	敏感词:王大	为了炼成这只蛊虫，王大亲手杀死了深爱自己的妻子，挖出了她的心！
11804	敏感词:王大	“一切为了生存，只好选择力量……这就是我魔道的觉悟！”王大双目赤红，紧紧地盯着远处的少年。
11814	敏感词:王大	“杀！”王大低吼一声，猛地从树梢上凌空飞扑而下。
11818	敏感词:王大	“怎么还有第四位蛊师？”王大心头猛地一沉，在半空中强行扭转身躯，险险地避过其中的两道月刃，还剩下一道，实在避免不过，正中他的左腿。
11822	敏感词:王大	王大砸落到地上，低头看了一眼自己的左腿，左腿上一道伤口又深且长，已经是鲜血淋漓。
11824	敏感词:王大	“可恶……”王大咬牙切齿，心头一动，“幽影随行蛊！”
11838	敏感词:王大	“啊！”王大发出一声惨嚎，身体所化的黑影在白光的照耀下，无所遁形，顿时又将他打回原状。
11840	敏感词:王大	闪光蛊虽然只有一转，同时是消耗型蛊虫。但它正克王大的幽影随行蛊，一旦黑影被白炽闪光照射消除，二转的幽影随行蛊必须要修养三个小时，才能继续使用。
11844	敏感词:王大	王大被克制之后，顿时一颗心沉入了谷底。
11846	敏感词:王二	这第四个蛊师显然老辣一筹，不晓得用了何种蛊虫，一直隐蔽着，实在是一个劲敌。更关键是他王二暂时使用不了幽影随行蛊，这等若是没了退路。
11848	敏感词:王大	“老夫乃古月叟，小子，你若现在就束手就擒，兴许我族还能饶你一命！”一个白发银须的二转蛊师，出现在王大的视野中。
11850	敏感词:王大	“绕我一命，哼，我先杀了你！”王大心知若被拖延，接下来必定会有更多的蛊师围剿过来。他必须尽快解决掉这第四个蛊师。
11852	敏感词:王大	“我的真元只剩下两成，不管是报仇还是保命，先得杀了这碍事老头！”王大强振精神，扑向古月叟。
11856	敏感词:王大	王大看到这个变化，顿时脸色一变。这个经验老道的蛊师，就像是一只刺猬，让他王大有一种无从下手的感觉。
11860	敏感词:王大	王大只有爱别离和幽影随行蛊这两只蛊虫，若有一只防御性的蛊虫，他刚刚也不会直接就中了月刃。
11862	敏感词:王大	“哼，你对付不了你，就先杀方源！”王大也不笨，三年来的生活，让他狡黠又狠辣。
11866	敏感词:王大	“休想！”古月叟催动真元，一身的针刺发衣，顿时伸出两个发髻尖锥，螺旋一般旋转，顷刻之间，拉出五六米，向王大射去。
11868	敏感词:王大	王大身形一矮，与两个雪白发刺险之又险地擦身而过。
11872	敏感词:王大	“死吧！”王大已经战到疯狂，狰狞大笑，他迅速接近目标。
11876	敏感词:王大	嗜血的杀机，已经充斥王大的脑海。他似乎都能听到，自己刺中方源的皮肤，后者不甘心的咽气声。
11880	敏感词:王大	眼看着就要成功，忽然一个身影闪现，挡在了王大前进的路上。
11884	敏感词:王大	“竟是爱别离？”这是个中年男子，面对这王大猛烈疯狂的冲势，面色坚毅不动。
11890	敏感词:王大	双方越冲越近，王大的神情疯狂而扭曲，中年蛊师则一脸深沉，伸出双臂，张开大手，向王大抓来。
11892	敏感词:王大	“这么慢也想抓住我？”王大不由地露出讥讽的神情。
11894	敏感词:王大	中年蛊师的双臂，已经裹了一层十分厚实的石皮，就算是他王大的指甲也不能洞穿。但是这对石臂因为太沉重，速度太慢了。王大觉得自己完全可以轻松闪避开来。
11900	敏感词:王大	“怎么会……呃！”王大脸上一片惊愕，被石臂扫中，顿时横飞出去。
11902	敏感词:王大	中年蛊师战斗经验十分丰富，若是刚开始就是用蜂蛊碧风轮，王大还不至于如此轻易地中招。
11904	敏感词:王大	王大被沉重的石臂扫飞，跌到地面上，摔得七荤八素。中招的胸口，一阵沉闷。
11918	敏感词:王大	那老年蛊师已经赶来，浑身白发凝成一束束手指大小的螺旋尖针，尖针如灵蛇飞窜，延展五六米之远，从后面赶上，刺穿王大的身躯。
11920	敏感词:王大	但王大不管不顾，仍旧直冲出去。
11926	敏感词:王大	眼看着王大就要得手，不想对面忽然爆发出一阵蓝玉之光。
11932	敏感词:王大	王大十指如刀刃，向他刺来。爱别离虽然没有强攻的能力，但玉皮蛊到底是一转蛊虫，还抵挡不住王大的指甲。
11936	敏感词:王大	老年蛊师眼看着方正就要陨落，急得大叫，双目爆睁，更多的雪发尖针喷射而出，将洞穿王大的身躯洞穿。
11938	敏感词:王大	然后发针如蛇，先从王大的身后穿射到前胸，又缠绕上他的脖颈，他的双臂，他的双腿。
11940	敏感词:王大	滚烫的鲜血，从王大的身躯中喷涌出来，顷刻之间，就将白发染红。
11944	敏感词:王大	一股极其强烈的眩晕感袭来，王大惨笑一声，他知道死亡即将来临。
11952	敏感词:王大	“为什么？”他的妻子看着王大，娇美的容颜上浮现出错愕和不解，紧紧地凝视向王大的双眼。
11954	敏感词:王大	王大双眼通红，浑身颤抖，从牙关中挤出三个字：“对不起。”
11960	敏感词:王大	她想要伸出右手，在临死之前，最后一次抚摸王大的脸庞。
11968	敏感词:王大	自那以后，王大无数次的问自己。
11978	敏感词:王大	“如果一切重来，婉儿，我还会这么做的呀……”恣意的泪水在王大赤红的双眸中，喷涌而出。
11988	敏感词:王大	王大的十指刺穿了玉皮，深入一厘米，就再也不动了。
12032	敏感词:王大	不过，方源此次冒险来到这里，主要目的并不是猎杀这头野猪王。而是为了尽最大可能避开王大的仇杀。
12034	敏感词:王大	王大知道方源有兽皮地图，方源站在他的角度，将计就计。什么地方也不走，偏偏就往这野猪王的红叉标记地点。
12072	敏感词:王大	“王大要对我下手，报杀亲之仇。但是我发现了树屋之后，立即改变了路线，直冲野猪王而去。王大没有料到这点，和我错过，意外地找到了方正。他的情报来源只有那几个猎户，并不知道我有一个孪生弟弟。他把方正当做我，想要杀掉，但是却被周围保护的蛊师阻止。现
12074	敏感词:王大	方源眉头紧皱。王大成功逃脱，王大被俘虏，王大被击杀，这三种情况都将影响到他接下来的计划和安排。
12086	敏感词:漠北	学堂家老接过纸张，心不在焉地宣读道：“此次年中考核，成绩如下……古月赤城十六颗野猪牙，古月漠北十四颗野猪牙……”
12094	敏感词:漠北	最好的是古月赤城，达到十六颗。其次就是古月漠北，至于方正，有十颗。
12098	敏感词:漠北	古月漠北则很是不忿，竟然让古月赤城压了一头。
12114	敏感词:漠北	漠北等人看得眼珠子都是一瞪。
12150	敏感词:漠尘	“幽影虫、爱别离……这不像白家寨、熊家寨秘密培养出来的暗子。也许是外来的魔道蛊师，想要依附山寨，受到指示之后，为表忠心，就来刺杀方正。不管如何，反正对这事，其他两个山寨绝对脱不了干系。”古月漠尘冷声接道。
12156	敏感词:王大	王大消失了整整三年，音讯全无，在村民们心中早就死了，因此身份成迷。
12178	英文残留	[bookid=2570768,bookname=《网游之大禁咒师》]爽书，有闲情雅致的同学，可以去瞅瞅哦！C
12214	敏感词:漠尘	古月赤练沉思着：“我没有招揽方源，会是谁暗中帮助他？是漠尘那老家伙么，有些可能。虽然方源杀了他家的家奴，但家奴算什么，就算全死光了也不心疼。族长更有可能，他收容了古月方正，再将古月方源拉过去，这样对方正的掌控力就大了！只是……过往惯例，都是
12216	敏感词:漠尘	“也不算坏了规矩，但此举的确是打了擦边球。是谁这么看好方源，比我还看好他？”古月漠尘也在思索。
12222	敏感词:漠尘	方源被人提前招揽，这让古月漠尘也有一丝的猝不及防。
12224	敏感词:漠尘	古月博的目光，则主要集中在古月漠尘和古月赤练这两个当权家老的脸上。
12232	敏感词:漠尘	古月家族中，政治格局是三足鼎立。除了族长之外，就是古月赤练代表的赤脉，古月漠尘代表的漠脉。
12234	敏感词:漠尘	古月博心知肚明，自己没有招揽方源的举止。那么最大的嫌疑人，就是古月赤练和古月漠尘。
12240	敏感词:漠尘	学堂家老也在揣测，但是他一直保持中立，游离于政治斗争之外，因此他的思想却简单多了：“原来方源被某一个家老招揽，难怪他在勒索时，主动放过了方正、漠北和赤城。估计招揽他的不是族长，就是赤练或者漠尘家老。这是好事啊！这说明他已经认清了现实，初步融
12240	敏感词:漠北	学堂家老也在揣测，但是他一直保持中立，游离于政治斗争之外，因此他的思想却简单多了：“原来方源被某一个家老招揽，难怪他在勒索时，主动放过了方正、漠北和赤城。估计招揽他的不是族长，就是赤练或者漠尘家老。这是好事啊！这说明他已经认清了现实，初步融
12296	敏感词:王大	王大死了。
12302	敏感词:王大	江鹤说这话的时候，看着方源的目光十分意味深长。他后来见过了王大的尸体，自然就认出了他的身份。
12304	敏感词:王大	但是他不敢说出王大的真实身份。
12308	敏感词:王大	王大成为魔道蛊师三年多，他身为驻村蛊师却一直不察，真要追究下来，就是他履历的一大污点，在家族中几乎前途就毁了。
12328	敏感词:漠北	在古月方正、古月漠北之后，方源几乎和赤城同时，顺利地晋升到一转高阶。
12330	敏感词:漠北	虽然抢劫勒索仍然在继续，但他从此不再抢方正、漠北和赤城三人的元石，他越来越低调，自身的实力也在以超越前世数倍的速度，快速增长着。
12510	英文残留	[bookid=2551986,bookname=《神帝》]
12626	敏感词:王大	距离王大刺杀，已经过去了两个多月了。
12754	敏感词:漠北	资质所限，他修行所耗费的元石，要远比方正、赤城还有漠北要多得多。
12824	敏感词:漠北	“赤城是一转巅峰了，不晓得漠北是不是？他们俩可是死对头啊。”
12828	敏感词:漠北	“哼！”古月漠北冷哼一声，看着赤城得意洋洋的样子，他就感到不爽。
12832	敏感词:漠北	“古月漠北。”很快，检测蛊师就叫道。
12834	敏感词:漠北	长着一副马脸的漠北，快步走出去。
12836	敏感词:漠北	“古月漠北，一转巅峰。”在这样的声音下，他又走了回来，在途中不甘示弱地瞟了古月赤城一眼。
12854	敏感词:漠北	“虽然是巅峰，但终究只是丙等资质，不足为虑。”漠北和赤城望了方源一眼，又很快转移了视线，看向仍旧站在队伍中的方正。
12880	敏感词:漠北	“了不起，这样一来漠北、赤城、方源都被他甩下去了。”
12882	敏感词:漠北	“这个方正！”一时间，漠北和赤城都震惊地望着方正。
12966	敏感词:漠尘	这时，族长古月博，当权家老古月赤练、古月漠尘等人，鱼贯而入。他们走到棚子下，依次坐下。
12968	敏感词:漠尘	“今年不仅族长亲临，还有赤练、漠尘两位老大人，都来了。”
12972	敏感词:漠尘	“这也不奇怪，赤练、漠尘的孙子都在此届。”
12978	敏感词:漠北	“弟弟，你可要好好表现啊。”漠颜望着人群中的漠北，心中默念着。她的小组人数最多，规模最为庞大。此时身边围着一圈蛊师，更彰显出了她的气势。
13002	敏感词:漠北	“下一战，古月金珠对决古月漠北。”一个擂台上，主持的蛊师高喊出声。
13004	敏感词:漠北	古月漠北一跃而上，古月金珠则一脸凝重地，顺着台阶，走了上去。
13010	敏感词:漠北	金珠虽是女孩，但基本功相当的扎实，短时间内竟然和漠北斗得个旗鼓相当。但是随着时间的推移，她体力渐渐不济，落入下风。
13014	敏感词:漠北	反观漠北，仍旧脸不红气不喘。
13016	敏感词:漠北	“增强耐力的蛊虫么，搞不好就是黄骆天牛蛊……”台下，方源观察着，顿时就看出了古月漠北的虚实。
13040	敏感词:漠北	赤城、漠北、方源、方正……
13066	敏感词:漠尘	就在这时，蛊师大喊道：“下一场，古月方正对战古月漠尘！”
13074	敏感词:漠尘	方正和漠尘双双走上了擂台。
13076	敏感词:漠北	“方正，别以为你有二转修为，我就会输！今天我就要越级挑战。”漠北咬着牙，脸色凝重，在心中默默地为自己打气。面对二转修为的方正，他的确感到了一股压力。
13080	敏感词:漠北	漠北心头一跳，这方正不按套路出牌啊。一般都是先对射，再拳脚。他这一次，居然一出手就冲过来，是想比拼拳脚吗？
13082	敏感词:漠北	“他不怕在比斗拳脚的时候，被我的月刃射伤吗？”漠北大为疑惑。
13086	敏感词:漠北	漠北连忙后退，企图拉开距离，同时手腕翻转，切出一记月刃。
13090	敏感词:漠北	漠北看着他掌中凝而不发的月光，心中不由地生出一股紧张情绪，连连后退。
13094	敏感词:漠北	漠北适应不了这样的战斗方式，顿时就陷入下风。
13102	敏感词:漠北	“小弟！”漠颜看着台上漠北被方正逼入下风，她一脸的担忧和焦急，真想上去帮忙，揍方正一顿。
13106	敏感词:漠北	方正接近漠北，将距离压缩到六米之后，就不再近身，而是使用月光蛊，进行对射。
13108	敏感词:漠北	漠北仓促应付，手忙脚乱，有好几次都差点被月刃扫中，险象环生。
13114	敏感词:漠北	看着漠北被自己如此压着打，方正的脑海里不由地就浮现出往昔。
13122	敏感词:漠北	漠北虽然极力挣扎，顽强抵抗，但是一刻钟后，他的身上已经增添了无数的伤口。涌出的血液，染红了他的衣衫。
13126	敏感词:漠北	“我还没有输！”漠北执拗地大叫着，他浑身浴血，摇摇晃晃。但挣扎了几下后，还是被上台的几位蛊师强制带下去治疗了。
13142	敏感词:漠北	赤城看着方正，干笑了两声道：“很好！方正，你败了漠北那小子，现在我击败你，就一举两得了。”
13152	敏感词:漠北	“嘿嘿嘿。”赤城得意地笑起来，“方正，你没有蛊虫增速，单靠两条腿，是追不上我的。这擂台虽然不大，但足够我腾挪的了。你的战术对付漠北有用，对我来讲，就失效了。”
13174	敏感词:漠尘	“看来方正，应该就是此届第一了。”在族长的身边，古月漠尘开口道。
13188	敏感词:漠北	“方正连续击败漠北、赤城，有勇有谋，看来此次第一非他莫属了。”有人赞叹着。
13192	敏感词:漠北	“方正是族长一系，漠北、赤城分别是漠脉、赤脉的未来掌权人。看来今后，古月一族将是族长一系力压两大家老了。”有人则看得更加深远。
13244	敏感词:漠北	“又是这招！”场下，漠北看着这情景，不禁咬牙切齿。他打定主意，回去之后一定要狠狠操练自己，将来把今日的这份屈辱十倍地送还给方正！
13284	敏感词:漠北	赤城、漠北则张大了嘴巴，惊愕看着方源匪夷所思地躲过一发发的月刃。
13716	作者话候选	酒虫的来源，方源已经营造了一个完美借口，但玉皮蛊一旦暴露，方源实在解释不了。因此必须秘密收藏起来，不能在众目睽睽之下使用。
13764	敏感词:漠尘	以古月赤练、古月漠尘为首的家老们，各个面容深沉，最多是有人皱了下眉头，但都没有阻止。
15262	敏感词:王大	野猪王大部分的皮肉都已经入了电狼的口腹。
15572	敏感词:漠北	“今天是集体悼念会，古月金珠死了，方源你知道吗？”漠北等一群少年路过这里，停下脚步。
15574	敏感词:漠北	除了漠北之外，还有方正、赤城等人。
15576	敏感词:漠北	漠北和赤城平时最不对路，但是今天，他们似乎忘记了彼此的恩怨，走在了一起。
15584	敏感词:漠北	曾经和漠北在擂台上斗了个旗鼓相当，后来因为体力不济而惜败。是个刻苦努力的女孩子。
17330	敏感词:漠北	而同龄人中，方正、漠北、赤城都毫无意外地开始展露头角了。
18126	敏感词:漠尘	对于他们来讲，哪怕得罪了古月赤练或者古月漠尘，也不愿得罪古月药姬。后者的影响力，仅次于族长古月博。
19176	敏感词:漠尘	“赤练家老说得很对。”古月漠尘点点头，他虽然是古月赤练的政敌，但是值此村子生死存亡的关键时刻，他彻底放下了往日的成见。
19534	敏感词:漠尘	古月赤练、古月漠尘听着这话，两人的脸色都有些难看。
23594	敏感词:王二	方正还未成长起来，自从王二的刺杀事件之后，家族中就委派了一位家老，时刻跟踪在方正身边，起到保护的作用。
25168	敏感词:漠尘	别看这通告中，漠脉、赤脉中的等等蛊师，乖溜溜地上缴了九叶生机草。似乎是牺牲了各自的利益。其实背地里，古月药姬早就和古月赤练、古月漠尘等家老，完成了暗中的利益交换。
26164	敏感词:漠尘	“这个方源，居然成就了三转！他区区丙等资质，竟然在这么短的时间里，有这样的成绩，实在是让人料想不到。”坐在左列首位的古月漠尘，心中感叹着。
26168	敏感词:漠尘	这豪奴的名字，古月漠尘已经不记得了。但是事后，方源碎尸送礼，给他留下了深刻的印象。
26180	敏感词:漠尘	“如果我提前招揽了他，这股冲击力就能为我所用，必能有政治优势。唉真是可惜了……”想到这里，古月漠尘不由地向对面瞄了一眼。
26332	敏感词:漠尘	古月漠尘心中很沉重。
26340	敏感词:漠尘	只是除了凝重之外，漠尘又有些疑惑。
26344	敏感词:漠尘	按照道理，古月赤练此时早就得瑟起来，向他漠尘投来轻蔑和得意的目光。但是此刻看他，却是一脸的阴沉，好像是吃了什么亏似的。
26350	敏感词:漠尘	古月漠尘百思不得其解。
26526	敏感词:漠北	他从未想过有这么一天，方源竟然晋升成了家老。那一届中，他最看好方正，然后是赤城和漠北。
26546	敏感词:漠尘	倒是古月漠尘，对方源如此表现，却并不奇怪。
27556	敏感词:王二	这只爱别离，就是当初王二所用。被家族剿杀后得到，一直珍藏在这里。
27630	敏感词:漠北	众人这才敢坐下。这些人，并非是全部同窗。譬如漠北、赤城等有深厚背景的，皆不再此列。
27790	作者话候选	“这兜率花是三转蛊，能存元石，也能藏其他东西。属于存储类三转蛊虫中的佼佼者，收藏的元石最多能有三万块。但考虑到也要储藏其他东西，那么最多能存一万五千的元石。”
29768	敏感词:漠尘	不过这倒让他逃过一劫。而他的老对手古月漠尘则跟随着族长追杀雷冠头狼，反而被狡电狈所杀。
30266	敏感词:漠尘	邓卜前文出现了一个错误“古月赤练”已经改为“古月漠尘”之前码字时，因为间隔时间较长，将这两人搞混了。造成了阅读障碍，向诸君道歉！>
30266	作者话候选	邓卜前文出现了一个错误“古月赤练”已经改为“古月漠尘”之前码字时，因为间隔时间较长，将这两人搞混了。造成了阅读障碍，向诸君道歉！>
30310	敏感词:漠尘	这个要求惹得古月漠尘大怒。
30320	敏感词:漠尘	他知道了漠尘的想法，就笃定他会妥协。而自己狮子大开口，无非是张口要价，坐地还钱罢了。
30322	敏感词:漠尘	“不过此事，利弊参半。虽然有了元石，可以喂给天元宝莲。但是自己原先退出政治漩涡的计划也被打乱了。今夜的酒席上，古月漠尘牺牲自己换取了我的政治前途。接下来，恐怕就会有各方家老的打压。”现在古月山寨的政治格局是：族长健在，双重臣之一的古月赤练身
30334	敏感词:漠尘	他想要脱离这场政治漩涡，但是古月漠尘却将他硬生生地拉回去。
30484	敏感词:漠尘	“老身觉得，要出使熊家，必须得有一个老成持重，经验丰富，可独当一面之人。在座的诸位当中，唯有漠尘家可担当此重任！”古月药姬忽然道。
30486	敏感词:漠尘	古月漠尘冷哼一声，立即反驳：“要说资格，药姬大人比老夫更加深厚。尤其在人望方面，老夫望尘莫及，甘拜下风。出使熊家寨，看来还得劳烦药姬大人出力了。”
30488	敏感词:漠尘	“漠尘家老所言极是，我亦推荐药姬大人。”一位家老站出来。
30490	敏感词:漠尘	“我反而觉得漠尘大人，更为适合。”另一位家老则立即出言反驳。
30548	敏感词:王二	“不错。这名魔道蛊师的真正身份，其实是山脚村子中的一名猎人。只是机源巧合，成了一名魔道蛊师。他名叫王二，之所以袭杀古月方正，却是因为方正的亲身哥哥方源！”说着，铁若男紧紧地逼视方源。
30552	敏感词:漠尘	“小姑娘，你这话是什么意思？”古月漠尘声音低沉下来。
30558	敏感词:王二	“你们想岔了。”铁若男却摇头,“〖真〗实的情况，是方正滥杀无辜，杀害了王老汉一家，引起王二的报复。但王二并不知道方源有一个胞弟，他将方正误认为是方源，因此出手袭杀报仇。”
30576	敏感词:王二	“方源杀了王二的父亲，王二来报复，结果找到了方正。原来如此……。”
30612	敏感词:王二	“杀了便杀了。我的故事，并不需要倾述。但是我事先并不知道，失踪的王二会是一位魔道蛊师。也算计不到，方正会遭受牵连。”方源实话实说道。
30674	敏感词:王二	“贾金生的案件，时隔很久，处处透着蹊跷和神秘。到目前为止，贾金生的尸体都没有出现，甚至连案发现场都不能推断。这件案子太干净了，让我无处着手。只有一个最大的嫌疑人方源。尽管王二的线索也断了，也没有任何的证据指证他就是凶手。但是在没有其他目标的
30698	敏感词:漠尘	看着面前姿态悠闲的方源，古月漠尘辛苦地忍着感到自己的额头上青筋都在跳。
30706	敏感词:漠尘	“但方源这小兔崽子也太可恶了，漫天要价，真的以为我漠脉日进斗金吗？”古月漠尘一边在心中狠狠地咒骂着，一边脸上堆起和煦的微笑，以商量的口吻道，“方源家老，你这价格实在太狠了点，大大超出了我漠脉的承受底线。不能再降低一点吗？”
30708	敏感词:漠尘	方源看了古月漠尘一眼，面前这老人能屈能伸，倒值得敬佩。
30716	敏感词:漠尘	古月漠尘听了，忍不住又揉了揉眉头，沉声道：“生铁蛊可以先给你，但往生革蛊，我漠脉库存中真的没有。四万元石一时间也拿不出全部，只能分期给你。”
30718	敏感词:漠尘	方源知道古月漠尘这老狐狸没有说实话，但他却也明白再咄咄逼人，反而会适得其反。
30724	敏感词:漠尘	半晌后，古月漠尘蓦地开口：“你出来吧。”
30730	敏感词:漠尘	古月漠尘长叹一口气：“家★族的情况你也相当的清楚，漠颜，家★族需要你的牺牲，你能理解吗？”
30816	敏感词:漠尘	“春秋蝉恢复速度越来越快，照此下去，恐怕我没有多少时间了。等到古月漠尘那边的四万元石到手，就摘下天元宝莲，离开这里。铁家父女那边，也只能走一步算一步了。”
31684	敏感词:漠尘	“先前同窗聚会，供奉上来的一万元石，再加上古月漠尘分期供给的四万元石，都已经投入进去。怎么这天元宝莲，还未显出实体？”
32614	敏感词:漠尘	熊家的蛊师们一阵骚动，兴奋。古月一族却神色复杂得多。这熊骄姓自熊力死后，成为熊家当仁不让的第一俊杰。反观古月一族，青书死后，漠尘也陨落。方源虽然晋升三转，但他的资质，只有丙等，难以寄予厚望。
40562	敏感词:王大	这是两只千兽王大战！
51032	敏感词:王大	“刚刚王大汗和马德全的战斗看了没？很精彩啊！”
53270	拼音残留	第九十一节：方源vs李好（上）
53504	拼音残留	第九十二节：方源vs李好（下）
54962	拼音残留	第九十九节：白凝冰vs铁刀苦
55390	拼音残留	第一百零一节：方源vs朱八（上）
55640	拼音残留	第一百零二节：方源vs朱八（下）
58884	拼音残留	第一百一十八节：方源vs巨开碑（上）
59132	拼音残留	第一百一十九节：方源vs巨开碑（中）
59332	拼音残留	第一百二十节：方源vs巨开碑（下）
62460	英文残留	()    山石迸溅，群鳄哀嚎。(an.C oM)
62632	英文残留	()    “两个年轻的小娃娃，留下你们的元石，扒光你们的衣服，再向爷爷我磕三个响头，我就饶你们一条小命。(an.C oM)嘎嘎嘎……”
62832	英文残留	()    听到方源这么一说，十暴君的几位成员脸色都缓和下来。(an.C oM)
62920	敏感词:王大	但她旋即恢复过来，殷红的小嘴微微翘起：“想不到奴家的区区贱名，也被小兽王大人得知，奴家真是荣幸呀。只是，在之前奴家还未撕破伪装，大人您又是如何看破的呢？”
64752	敏感词:王大	他忽然跪倒在地上，向方源大声的哀求道：“小兽王大人，求求你绕我一命吧！我会给你做牛做马，来报答你的恩情。您是天才，是妖孽般的天才！我和你交战，也是斗胆心寒迫不得已啊。您在奴道上的造诣，让我佩服得五体投地。小兽王大人，从今以后，您就是我的主人
65084	敏感词:王大	电文狗面对自身种族中的百兽王大电文狗，都不免生出畏惧之心。这让方源操纵，更加耗费心力，同时指挥效果还打折扣。
65590	敏感词:王大	“小兽王大人，这个事情最近闹得很大，整个三叉山都知道了。这已经不是个人的私怨，而是象征着正道和我们魔道的争斗！其实大家都在盼着您呢。大人，您一出手，那铁家的蛊师根本抵挡不住。您是我们魔道的天才。我们魔道的旗帜！大人，小人什么话都说了。小人可
65688	敏感词:王大	“小兽王大人，真是稀客！您来我李某人这里，不知道有何贵干呢？”李闲主动出迎，站在方源面前，距离有二十步，就停下来抱拳行礼。
66000	敏感词:王大	“哪里，哪里。能和小兽王大人做买卖，也是我的荣幸。”李闲表现得十分谦虚，把自己的位置放得很低。
66030	敏感词:王大	“小，小兽王大人，您这是为何？！”李闲此刻都能闻到烤肉的味道了。
66698	敏感词:王大	“小兽王大人，铁家这批强援赶到，铁家四老就能腾出手来，对付白凝冰。你要是现在出手，还来得及啊。”李闲满脸恳切地规劝道。
68356	敏感词:王大	“不想小兽王大人，也知道我等的名头啊。”包同摸着自己的胡须，神色上还有些沾沾自喜。
68558	敏感词:王大	李强则主动端起酒杯，向方源敬酒：“小兽王大人的一席话，真是字字千金。这杯酒庆贺阁下斩杀了百岁童子这个力道败类！”
68572	敏感词:王大	“方正大人，您是我的救命恩人呐！”一个干儿子猛地跪下，涕泪交加地喊道，“我是被百岁童子那个家伙逼得认贼做父，小兽王大人您威加四海，气盖八方，救我于水火当中，您是我的救命大恩人呐！”
68574	敏感词:王大	“小兽王大人，您的强悍已经彻底征服了我的心，请让我留下来，伴随您左右，伺候您吧。”一个漂亮的干女儿娇滴滴地哀求道。
68576	敏感词:王大	“小兽王大人，您拯救小的于灾难当中，您的大恩大德我永世不忘。恩同再造，请让我叫您一声干爹！”一个七老八十的老头子，跪倒在地上，动情地呼喊着。
68602	敏感词:王大	李强的酒杯一直端着，没有落下，此时他也忘了尴尬，勉强笑道：“小兽王大人，斩草要除根呐。这些人放走了，万一日后发迹了呢？保险起见，还是都杀了为妙。小兽王大人记不全这些人也不要紧，我记得。由在下代劳，杀掉这些人，算是刚刚情报的谢礼了。”
70594	作者话候选	“可惜，我对骨道了解不深，顶多临时客串一下。真正全部继承这套蛊，发挥出的战力，不会有骷魔的一半。还是先收藏了罢。”方源心中考虑了一下。
72534	敏感词:王二	“呵呵呵。”魔无天瞥了城堡一眼，淡淡地笑了几声，“当年爆王王八蛋，拥有八只蛋人皇后，曰产蛋人无数。信王王小丫的传承中，则有通风报信蛊、百战不殆蛊。狗王王二狗身边，伴有两头犬皇嘤鸣和霸黄。这是三王传承的精髓所在，但通通都不入我的法眼。”
75536	作者话候选	（有些读者同学，我知道境况的，已经尽力支持了。还有许多同学，单单为了本书，注册号订阅。感谢你们的支持！很感动……我这个人不善表达自己的情感，有些木讷。千言万语化为一句话——有诸位在，真好。）
78866	拼音残留	“一，一个人？”葛谣双眼瞪大，嘴巴也张成o形，她不可思议地想着一个念头，“难道先祖在长生天，听到了我的祈祷，真的派下了救兵？！”
82434	敏感词:王大	“磔磔磔磔……”鬼王大笑几声，阴云破裂，蝙蝠失去束缚，立即飞腾而出。
84330	敏感词:王大	“狼王大人，你是我们致胜的关键，还请您退到我们中间，我们来保护你！”
84454	敏感词:王大	“快去救援狼王大人！”这边学堂家老怒吼，向着方源的方向赶去。
84478	敏感词:王大	“狼王大人昏迷了，我们正在施救！”那边学堂家老等人，保护着“昏迷”了的狼王，陷入狼群的包围当中。
85018	作者话候选	红玉散人也呵呵笑道：“鬼王说的有理啊。刚刚的地灾你们也见过了。琅琊福地中收藏着这么多的秘方，很多都涉及到仙蛊，福分太大了，每次灾劫都如此强烈。就算再多的白荔仙元，也要快耗光了吧。”
85026	敏感词:王大	鬼王大喜，磔磔狂笑。
86392	作者话候选	“琅琊福地，传说中收藏了无数秘方的地方。从洞天跌落成福地，当世堪称天下第一福地！更关键的是，这里面更收藏了不少仙蛊。天元宝皇莲首当其冲，我必要得之！”
87214	敏感词:王大	“只可惜让水魔浩激流逃跑了，狼王大人，你看我们是继续追杀水魔，还是突袭严家营地呢？”葛光问道。
88080	敏感词:王大	“狼王大人，成为我族的太上家老了？”
88084	敏感词:王大	“有狼王大人在，我们就有一线生机啊。”
89088	敏感词:王大	“狼王大人，已经成为我族的太上家老。现在和我们是一家人了呢。”
89090	敏感词:王大	“嗯，真是荣幸啊。有狼王大人在我们身边！”
91098	敏感词:王大	片刻之后，仲家的侦察蛊师，带着一脸余悸，向仲费尤回报道：“大人，狼王大获全胜，翻手之间，就剿灭了那处狼巢。四千多头水狼，他收编了近三千头，而他仅仅只损失了三百头。”
91910	敏感词:王大	“手下败将浩激流，见过狼王大人。”水魔心怀惴惴，向方源行礼。
92134	敏感词:王大	“见过狼王大人。”两位蛊师看到方源出来，立即行礼，并汇报道，“黑楼兰大人请大人前去赴宴，有要事相商。”
92784	敏感词:王大	其中一位，还告诉了方源一个好消息：“狼王大人，我们的蛊师在野外幸运地捕捉到了一头鱼翅狼。正关押在笼子里，族长关照下来，若是大人结束了修行，就可到辎重营去，将其收服。”
92794	敏感词:王大	“土波参见狼王大人。”一位三转的蛊师，连忙出来迎接。
92796	敏感词:王大	他长得又矮又胖，肥肥的脸上满是油光，谄媚地道：“狼王大人，小的已经等候多时了，这就领您过去。”
92818	敏感词:王大	“嗯，是的。若非有旧伤，侦察蛊师也难以逃出生天，赶回来报信了。可见狼王大人，得到了长生天的眷顾。在大战来临之际，将一头受了伤的鱼翅狼送到大人您的跟前。”土波拍马屁道。
92868	敏感词:王大	“狼王大人果然见识非凡。”一声女子的轻语，在他耳边响起，随之而来的是涌动的暗影。
92894	敏感词:王大	“狼王大人！”三转蛊师十分惊愕，他赶来是为了保护方源，但万万没有想到，方源居然一把抓住了他。
92912	敏感词:王大	“晚辈无影剑边丝轩，见过狼王大人。”女子对方源微微一礼，身在敌营，众敌环伺，她却好整以暇，从容淡定。
92932	敏感词:王大	“属下来迟一步，请狼王大人恕罪！”
92934	敏感词:王大	“狼王大人，您没有什么事情吧？”
93172	敏感词:王大	“有狼王大人出手相助，任何的防线都能撕破！”立即就有蛊师拍马屁道。
93176	敏感词:王大	“什么刺杀，能要了我们狼王大人的姓命？哼，那都是东方小儿的痴心妄想。不论再来多少次刺杀，咱们也不惧啊。”辎重营的负责蛊师谄笑道。
93200	敏感词:王大	但很快，一个阴测测的声音响起来：“这个狼王大人……我现在算是明白了，难怪当年常家也容忍不了他。”
93226	敏感词:王大	孙湿寒自得一笑，又接着道：“启禀盟主，就在刚刚在下又想到一策，叫做示敌以弱。那东方余亮刺杀狼王常山阴，狼王受到了魂爆蛊的影响，却没有丧命。东方余亮定然会再设计，布置许多手段针对狼王大人。我们不妨后发制人，先令狼王按捺不发。待到大战正烈，破掉
93630	敏感词:王大	“来者是小狐帅唐妙鸣，四转中阶，居然直言挑战狼王大人，必有阴谋算计啊。”
95008	敏感词:王大	“属下拜见狼王大人，狼王大人这边请。”当方源来到辎重营，便立即有专门的女蛊师，带着一脸的微笑，将他引进一座蛊屋中。
95014	敏感词:王大	“狼王大人神武，此次大战，您可是战功榜第一呢！”女蛊师年轻貌美，带着崇拜的目光，将一份卷轴递给方源。
95154	敏感词:王大	“狼王大人居然换了不少的力道蛊，大量的宇道蛊虫，还有数目如此庞大的炼蛊材料。”方源提出要换取的物资，这令女蛊师暗暗惊奇。
95160	敏感词:王大	但狼王大人，要这些宇道蛊虫干什么？
95164	敏感词:王大	还有这些数目惊人的炼蛊材料，难道狼王大人开始对炼道感兴趣了？或者正在研发什么全新的奴道蛊虫？
95174	敏感词:王大	“狼王大人，您要的这些物资，将会在今天陆续为您送去。直至凌晨，必定会全部送达。”女蛊师温声道。
95176	敏感词:王大	方源点点头，正要离去，但这时女蛊师却又小声地道：“狼王大人，请您稍等片刻。这里有一件极为适合您的蛊方，是族长大人特意关照小女子，为您私下扣留的。”
95200	敏感词:王大	“族长亲口嘱咐，若是狼王大人觉得炼蛊繁琐，可以交由炼道蛊师去做。只需要向对方，支付相应的战功即可。若是狼王大人的战功不够，可以先赊五十万。”女蛊师适时地建议道。
96030	敏感词:王大	“狼王大人，您要换取这么多的蛊，您的战功恐怕不够……”负责接待的女蛊师，斟酌着措辞，提醒道。
96876	敏感词:王大	“如果我记得没错，就算有了异兽狼群，但狼王大人的战功可还是倒数第一，战功榜垫底的吧？”狈君子心中充满了嫉妒，装作忽然想起来的样子，“好心”地提醒道。
97222	敏感词:王大	这时，孙湿寒微笑着道：“异兽狼群以及五转潜魂兽衣蛊，都已经到了。但盟军诸将，却因此信犹豫。还盼狼王大人大义灭亲，以释清白。否则，这异兽狼群恐怕……”
97966	敏感词:王大	这时，孙湿寒微笑着道：“异兽狼群以及五转潜魂兽衣蛊，都已经到了。但盟军诸将，却因此信犹豫。还盼狼王大人大义灭亲，以释清白。否则，这异兽狼群恐怕……”
98280	敏感词:王大	“在下常飚，被狼王大人召见。”常飚声音低沉，态度恭谨，向守卫蛊师说明道。
98282	敏感词:王大	两位三转蛊师，表情淡漠地站在门的两边，其中一人答道：“狼王大人正在修行，我们不能进屋通传，你们只能等候！”
98326	敏感词:王大	“狼王大人修行结束，召见你们三人。”门口的护卫蛊师接到传音，面无表情地说道。
99980	敏感词:王大	“尊贵的狼王大人，请容许卑微的在下，敬您一杯酒。”
101020	敏感词:王大	“潘平拜见狼王大人。”
101048	敏感词:王大	“狼王大人，幸好你来了。这传承每七天开启一次，开启时绽放冲天星芒，露出星光门扉。这段时间不仅极短，而且还会有虫群，从星门中喷涌而出，阻挡我们的进入。”潘平微笑着介绍道。
101086	敏感词:王大	潘平大喜：“狼王大人果然厉害！我们都被一叶遮目了。其实消灭虫群并不重要，关键是打开一个通道。这样一来，我们的时间就变得相当充裕。”
101088	敏感词:王大	朱宰亦感慨地道：“有狼王大人带领，是我等的福分呐。”
101094	敏感词:王大	“这，这，狼王大人……”朱宰变了脸色，没有料到方源会公然吃独食。
101202	敏感词:王大	“哈哈哈，恭贺狼王大人，得此传承，如虎添翼。”朱宰则拱手庆贺，绝口不提瓜分之事。
101220	敏感词:王大	潘平猛地色变，单手握住金刀手柄，惊呼道：“狼王大人，你这是做什么？”
101236	敏感词:王大	“狼王大人，你未免太霸道了。我可是你的袍泽，你这是要置我于死地吗？！”他大叫起来，用大义压人。
101242	敏感词:王大	“狼王大人，请您暂息雷霆之怒。潘平不知道天高地厚，言语冒犯了大人，但大人是何等人物，何至于和他这种小小后辈计较呢？”朱宰连忙劝说道。
101254	敏感词:王大	“狼王大人，您还请高抬贵手啊。潘平可要死了！”朱宰神情惶急，再次请求。
101268	敏感词:王大	朱宰浑身一颤，他分明从方源平静的目光中，感受到了暗藏的杀机。他连忙摆手道：“够了，够了，潘平他已经收到足够的教训了。潘平！你还不快点向狼王大人认错！”
101270	敏感词:王大	潘平攥紧拳头，咬紧牙关，沉默了几个呼吸，终于还是闭上双眼，艰难地开口道：“狼王大人，我……认错了！”
101314	敏感词:王大	众人听了，精神一振。很多人不由地心想：狼王大人还是有情有意的，他拿大头那是应该，潘平大人还是太气盛了。
101322	敏感词:王大	“狼王大人说得不错，这些果然都是独一无二的瑰宝。”朱宰扬扬手中的诗集，苦笑连连。
101562	敏感词:王大	方源胯下的万狼**一落地，接引蛊师便迎了上去，拜见道：“狼王大人，您回来了。小的三生有幸，专门负责引您入城。你的居所在第八层，房间也早就为您打扫好了。”
102088	敏感词:王大	作为资格最老的大家老黑沛，此时只能硬着头皮出列，恭敬地行了一礼：“大人，以属下看来，这第五十四关考的是奴道，难度极大，非大师级的造诣不能通过。黑旗胜家老虽然是我们部族培养的奴道蛊师，但他却不是大师。我们要想通过此关，恐怕需要狼王大人的力量了
102136	敏感词:王大	不久，黑书带着一脸惭射，独自回来禀告：“族长大人，狼王大人并不在圣宫，而是外出放养狼群去了。”
102422	敏感词:王大	旋即，家老们眼睛发出了亮光：“我知道了！看来狼王大人广布鱼群，不仅是为了训练，还有调查地形的缘故！”
103860	敏感词:王大	潘平冷哼一声，语气阴阴：“诸位不要忘了，咱们的狼王大人可是早就进过楼里来了。据可靠消息，还得了上等通关。出楼之后，立即选择闭关，就算黑楼兰族长屡次邀约，他都不去呢。”
103892	敏感词:王大	“为今之计，只有请狼王大人出手相助了。”
103894	敏感词:王大	“我们当中，太白老先生您最德高望重，只要您亲手书信一封，必能请得狼王大驾。”
103908	敏感词:王大	这暗线立即会意，在人群中喊道：“要我说，狼王大人曰理万机，恐怕不容易请到。还不如请唐妙鸣大人。她的奴道造诣已经直逼大师境界了。”
105402	敏感词:王大	“狼王大人，葛家、常家族长前来觐见了。”就在这时，有奴仆过来通禀。
105416	敏感词:王大	“回狼王大人的话，战场已经打扫干净，共有……”葛光刚想回报收获，就被方源打断。
105444	敏感词:王大	“狼王大人，你抓我们，意欲何为？你可知道，我乃是黑家族人。若论关系……嘿，黑楼兰大人还是我的表哥呢！”俘虏中，一位年轻蛊师叫出声来。
105454	敏感词:王大	“狼王大人，小的该死！”
107082	敏感词:王大	黑绣衣闻言大怒，但碍于方源地位，只得憋着怒气道，“狼王大人，此战大家都要拼尽全力。现在，唐妙鸣、黑旗胜二位浴血奋战，大人你却作壁上观，这是不是太过分了？”
107118	敏感词:王大	“狼王大人！？”
107122	敏感词:王大	“黑绣衣劝说狼王大人即刻参战，结果双方一言不合，狼王突然暴起，将黑绣衣打飞了！”
107834	敏感词:王大	“哼哼。”孙湿寒冷笑。“狼王大人。这可是仙蛊，你一句话就想拿走？之前我家族长是答应你五成的报酬，但并不代表我们一定要将仙蛊交给你。”
107850	敏感词:王大	“我相信狼王大人，必定能给我们一个交代的。”
112022	作者话候选	方源一直在追逐他梦想，我也一直没有放弃。书友群是讨论书的地方，别问我个人**问题，欢迎不放弃支持的读者朋友们。也请被踢的朋友童鞋们，多多理解，原谅我。
113532	敏感词:王大	“啊，是狼王大人！”马鸿运立即认出来。
124394	作者话候选	“当然！”琅琊地灵微微扬起头颅，傲然地道，“我每得到一道蛊方，都会炼制一些蛊虫进行收藏。小泽蛊、松岛蛊我都各有上百只的收藏品，可以卖给你。不过炼制这些蛊的材料，如今已经绝迹。你需要付出一块仙元石。”
125382	作者话候选	“楼兰，你不要跑了。　章节更新最快你是我的女儿，我怎么会加害于你？你切不可以听信他人的挑拨啊。我们父女之间有着深深的误会。的确，我承认，我手中有阴阳延寿法的传承不假，但此法并不能害人性命。你的母亲真的是因为地灾而亡的。”黑城悬浮在半空中，一
131834	敏感词:王大	一道星芒射来，化为一位中年男子，头戴高冠，宽袖长袍，鼓掌赞叹道：“不愧是仙猴王大人，屠杀荒兽飞熊，只用了半盏茶的功夫。”
132008	敏感词:王大	“仙猴王大人……”一旁，万象星君关切地喊道。
132092	敏感词:王大	万象星君等待片刻，见石磊伤势处理得七七八八，终于忍耐不住，催促道：“可以了吧？时间有限啊，仙猴王大人。第八星殿出现的前提，是七星殿首先形成。七星殿每次出现，只会存在一炷香的时间。七星殿消失，第八星殿也要随之消失的。”
132590	敏感词:王大	一旁的万象星君，一直在不停的遥遥打出星光攻击。听到石磊的叫喊，无奈地传念道：“仙猴王大人，对手势强，您还是别玩了，快用土道主战力吧。”
138076	拼音残留	章节目录 第一百零六节：方源vs楚度
138262	拼音残留	章节目录 第一百零七节：方源vs凤九歌
138300	作者话候选	灵缘斋中对于残缺智道传承，的确有所收藏。但他现在手头中却是没有。他连忙通过仙窍中的洞地蛊，传出消息。联系其他九位中洲蛊仙。
139850	英文残留	还是那句话，老朋友们都知道从来没有太监过！另外修改一个bug，之前说秦百胜是木道蛊仙，现在统一为金道。
139852	拼音残留	章节目录 第一百一十六节：秦百胜vs凤九歌
153670	作者话候选	“这么多年过去了，若是这处山洞没有被发现的话，那么积累的八转仙材石心液就极其可观。我即便用不了，收藏起来也是好的。将来可以放到宝黄天中，以物易物，换取想要的炼蛊仙材！八转仙材，蛊仙们都会十分渴求的。”
159254	作者话候选	这本书只能让我糊口，为什么坚持写到这种程度？坚持到现在？是因为我个人的坚持，还有对所有真心支持我的读者朋友们的回馈。不是写给你们这些“人”的。
159834	拼音残留	章节目录 第二百三十二节：彪悍！琅琊地灵vs秦百胜
166662	作者话候选	有许多读者朋友曾跟我讲：《蛊真人》这本书陪伴他们，渡过了许多人生的重要时刻，见证了他们的成长。对我这个作者而言，其实也同样如此。
169218	敏感词:王大	“焚天魔女大人，不愧是我大僵盟的栋梁。要是其余人等，有你这样的觉悟，何愁僵盟不蒸蒸日上，甚至制霸五域呢？哈哈哈！”尸爆雷王大笑。
191492	拼音残留	章节目录 第十九节：方源vs戚灾
216570	拼音残留	章节目录 第一百四十二节：楚度vs百足天君
216930	拼音残留	章节目录 第一百四十四节：叶凡vs白凝冰
222388	作者话候选	另外，修改了前文的3个bug，八转凤九歌，改为八转战力的凤九歌。凤仙太子主修变化道，之前的“炎道”已经修改。在同一章节，缺少一个“不”字，已经修改完成。
222388	英文残留	另外，修改了前文的3个bug，八转凤九歌，改为八转战力的凤九歌。凤仙太子主修变化道，之前的“炎道”已经修改。在同一章节，缺少一个“不”字，已经修改完成。
224888	拼音残留	血战平原、铁鹰福地、太丘，这三个地点若连成两条线，就像是个不规则的v字。
227256	拼音残留	章节目录 第一百九十八节：方源vs武庸
230440	作者话候选	百足天君笑着摇头：“惭愧。这是日前，我攻打黑凡洞天不下，受挫而悟出来的仙道杀招。我曾经听闻，长生天中收藏了盗天魔尊的仙道杀招成双入对，可令蛊仙分化出一个完全和自己战力相同的分身出来。我的这些手段，还是和盗天魔尊不能相提并论的。”
234376	作者话候选	太白云生主修宙道，但人如故、江山如故两只仙蛊，都落到了方源的手中，在东海时，选修了云道。他原本就有云道基础，影宗收藏丰富，不缺云道真传，此时施展防御手段，也是有模有样。
242538	英文残留	bz：一更，最近状态一直低迷。
251556	拼音残留	打个比方，赤龙江、碧龙江两江交汇，形成仿佛x的形态，交汇处是江心漩涡。而柴家的人烟山，就位于上端，巴家的大宅山位于下方，夏家的延寿山位于右方。
262602	英文残留	qq群、贴吧群、微信，都会有专门的人负责沟通。届时会询问id、电话、地址。毕竟是要寄明信片出去的。
262608	拼音残留	希望以上范围内的书友们都用起点后台，私信我。想要的话，将个人的地址、电话，还有起点id什么的，发给我。
262610	英文残留	地址只要能让你收到明信片就好了。姓名也无需真名，只要能让礼物寄到你手中就好。但是要在私信中标注好个人的起点id。
263094	拼音残留	250906315。加群之后，请先截图（你的起点后台的id图，主要是表明身份），然后私聊群主蛊真人我。然后再报上地址和id吧。活动是第一次举办，的确没有料到会有这个限制，给大家造成了困扰，非常抱歉啊！
264574	作者话候选	通知：因为工作量太大，8月份签名明信片的回馈书友活动，统计名单地址的时间延长一周。当中出现了一些问题，目前正在积极调整，广大书友请多多谅解。另外，明天31号，在8月份的最后一天，我会首次更新一出蛊真人的番外剧情，这是关于某位魔尊的历史往事。
267984	英文残留	希望下列名单中的同学，能够联系我的qq，将详细地址给我。
275494	作者话候选	这一场天劫，让天意发现，本身无法奈何方源后，恐怕就不会再将天劫威能提升到极限了。毕竟这样做，只会给方源增加更多的道痕，除了资敌，一点麻烦都不会制造出来。
285944	拼音残留	章节目录 第五百一十四节：叶凡vs铁若男
289186	作者话候选	方源对琅琊地灵的态度，早已有了心理准备，他笑道：“太上大长老，我们琅琊派收藏了这股意志，长达三十多万年。这股真意一直存放着，没有丝毫动用，这和死物又有什么区别？难道说，你要将这些炼道真意，留给现在的其余毛民蛊仙吗？”。
289474	作者话候选	方源对琅琊地灵的态度，早已有了心理准备，他笑道：“太上大长老，我们琅琊派收藏了这股意志，长达三十多万年。这股真意一直存放着，没有丝毫动用，这和死物又有什么区别？难道说，你要将这些炼道真意，留给现在的其余毛民蛊仙吗？”。
289782	拼音残留	章节目录 第五百三十七节：方源vs井斓
297520	英文残留	非常感谢大家的疑问、建议、批评和指正，若是还有什么问题，欢迎留言给我。我会努力做到蛊师世界的合理和平衡。就比如之前，修改了原文中关于渡劫道痕收获的数量bug。
311228	敏感词:王大	底下一位赤发莽汉便大叫：“战兽王大人，我们还等什么？全世界的战兽勇士几乎都在这里，就等着您一声令下，将这个凶恶的牛头魔神铲除！”
311250	敏感词:王大	“战兽王大人，您的意思是……”
315148	拼音残留	章节目录 第六百九十三节：武庸vs陈衣
315884	作者话候选	“放心，它用的是成双入对杀招，这是我长生天辛苦收藏着的盗天魔尊的手段！它能够催发出一个分身，分身的战力和本体完全一致。”冰塞川嘴角微翘。
316900	作者话候选	因为威信上有抽奖功能，所以后期抽奖赠书，请读者朋友们关注威信公众号“作者蛊真人”。7月份7号、14号、21号、28号会相继抽奖。
364284	作者话候选	“是啊，我整理爹的书简，你知道我爹爱好收藏这些古物。然后偶然间发现，从一份陈年的书简中掉落了一块竹签，上面就是传承线索了。”师姐回忆道。
367560	英文残留	这两次大战需要前后对比，需要层层递进，不能有太多的bug，还需要伏笔。
367822	作者话候选	另外：我会在最近开始大规模地修改前面章节的错别字和bug。造成这些错误，实在是抱歉。欢迎大家在这方面的任何指点。我希望呈现给大家的，是一个越加完善、正确的蛊世界。
367822	英文残留	另外：我会在最近开始大规模地修改前面章节的错别字和bug。造成这些错误，实在是抱歉。欢迎大家在这方面的任何指点。我希望呈现给大家的，是一个越加完善、正确的蛊世界。
368140	英文残留	加入方式：起点app——点开“发现”——进入“活动中心”——找到粉丝战队活动，下拉——加入“蛊仙队”。
368142	作者话候选	另外，关于众筹的意见我看到了。多谢王习平、玄门真人等书友们的热烈号召。我想了想，的确可以搞。不管结果怎样，那其实都是次要的，为了某个目标而付诸行动的热情和谋算，最是可贵。有意向的同学，加我威信guzhenren1987，备注“众筹”，我到时
368506	作者话候选	很多书友询问实体书的筹集，这一次活动筹集多下来的资金，都会用于接下来的实体书众筹。这个活动如果举办，会及时地通知大家，并且会更加正轨，不会这么仓促了。
369812	作者话候选	蛊界群中有人行骗，请诸位书友注意。本人在此郑重声明：实体书众筹的活动还未展开，任何以此为理由，企图让书友们汇款的行为，都是诈骗！
370144	敏感词:王大	冰晶仙王大喜过望，没想到柳暗花明又一村，说话都有点结巴了：“前、前辈您是想？”
372284	敏感词:王大	“天庭！就让你品味一下我镇族的杀招极冰晶光镇仙棺！”冰晶仙王大喝一声，身上狂飙的气势此刻完全收敛至无。
376114	作者话候选	最后，求助广大读者朋友，请大家推荐一下这种类型的书，让我有个成功的范例可以参照。就是——两个故事交叉起来写的，正文是大故事，另外一个小故事具有独立的逻辑和情节线。小故事配合大故事，穿插起来，两个故事相互配合，相互呼应。小故事的形式，通常是寓
376962	作者话候选	“此事不难。气海老祖对我天庭收藏的气道仙蛊，有着极大的兴趣。之前书信往来，他就屡屡商讨要借这些气道仙蛊使用，只是我一直未允，都推托了去。”秦鼎菱微笑。
378930	英文残留	事实上，我非常理解大家的痛苦。因为我不仅是作者，同样也是读者。当我读到某部网文，隔三差五就请假，我的阅读体验会很难受。我会失望，我会失落，我会恼怒，有时候我甚至会暗骂这作者真是个sb！
378932	拼音残留	然而，事实很残酷。尽管我不想承认，但我不得不说，在最近的更新问题上我就是那个sb作者。
379060	作者话候选	建议大家放一放，看看其他优秀的网文。如果实在要看本书，不妨重头来看。很多读者朋友在五刷、六刷。《蛊真人》这本书还是可以反复看的，这点我还是有自信的。
381438	拼音残留	章节目录 第八十节：中计（为blastocyst盟主加更）
382940	作者话候选	许多读者朋友应该可以察觉到，这一次的人祖传和正文之间的联络，更多的是一种对比。两条线之间隐隐呼应。比如《人祖传》中人祖遭遇了一生中最强的困境，方源同样如此。人祖垂死挣扎，幽魂如此，方源也是如此，其他人比如王小二还是如此（王小二是个重要配角，
382948	作者话候选	《蛊真人》这本书，你第一遍看和第二遍看，感受是不同的。尤其是这段章节，真正的精彩除了表面上的方源挣扎，对抗追杀，其实还有更多深层次的东西。比如人祖传和各个人物之间的照应，这从整体来看，才能发现这种小说铺设上面的美。又比如各方势力、各个人物之
382952	作者话候选	最近看到了一位读者朋友的书评，感触尤深。大意是《蛊真人》这部作品其实是成长性的，起初是偏向黑暗风格一些，但得到了中后期越发大气磅礴。单说这本书是黑暗文，其实是偏颇的。
382976	拼音残留	闭关的时候，我从未看过任何qq留言，微信短信，就是一门心思地去想，去写。终于将眼前的瓶颈突破。
385600	拼音残留	若俯瞰整个南疆，粗略来看在黄龙江、赤龙江两条线交叉成x，武家势力领土，便是在这个x的下口。而商家则在x的右边部分。
388404	拼音残留	章节目录 第八十章 中计（为blastocyst盟主加更）
389906	作者话候选	许多读者朋友应该可以察觉到，这一次的人祖传和正文之间的联络，更多的是一种对比。两条线之间隐隐呼应。比如《人祖传》中人祖遭遇了一生中最强的困境，方源同样如此。人祖垂死挣扎，幽魂如此，方源也是如此，其他人比如王小二还是如此（王小二是个重要配角，
389914	作者话候选	《蛊真人》这本书，你第一遍看和第二遍看，感受是不同的。尤其是这段章节，真正的精彩除了表面上的方源挣扎，对抗追杀，其实还有更多深层次的东西。比如人祖传和各个人物之间的照应，这从整体来看，才能发现这种小说铺设上面的美。又比如各方势力、各个人物之
389918	作者话候选	最近看到了一位读者朋友的书评，感触尤深。大意是：《蛊真人》这部作品其实是成长性的，起初是偏向黑暗风格一些，但得到了中后期越发大气磅礴。单说这本书是黑暗文，其实是偏颇的。
389942	拼音残留	闭关的时候，我从未看过任何qq留言，微信短信，就是一门心思地去想，去写。终于将眼前的瓶颈突破。
392560	拼音残留	若俯瞰整个南疆，粗略来看：在黄龙江、赤龙江两条线交叉成x，武家势力领土，便是在这个x的下口。而商家则在x的右边部分。
397580	作者话候选	今天的章节，其实是我一直想要营造出来的一种东西。那就是蛊世界是活的，鲜明的，完整的。每个人都有自己的故事，自己的悲欢离合。每个人的影响，会影响其他的人。比如这一章中，幽魂的一记手段，就吸引了赵怜云过来。继而又成了王小二等人上演好戏的舞台。
397600	英文残留	参与方式邮箱投稿（蛊真人qq邮箱1615480696qq）
397600	拼音残留	参与方式邮箱投稿（蛊真人qq邮箱1615480696qq）
399274	拼音残留	章节目录 蛊界logo投稿初选活动！
399278	拼音残留	蛊界logo投稿征集以来，收到了大量的优质投稿。目前投稿环节已经结束，进入投票环节。
406344	敏感词:王大	“哈哈哈。”金毛仙王大笑，“这你可就猜错了，小丫头。”
409260	作者话候选	《蛊真人》书友组织蛊界，永远敞开大门，欢迎志同道合的朋友们一起交流，一起讨论情节，一起吐槽作者，一起参与各种书友活动，一起催更，一起投票。
410262	敏感词:王二	能让陆畏因比较放心的，也就萧荷尖、冰晶仙王二人。
414720	敏感词:王大	冰晶仙王大喝一声，气势猛地收敛起来，不泄露丝毫一分。
415142	拼音残留	章节目录 第二百一十四节：气海vs毓秀
415550	敏感词:王大	“巨阳仙尊！你在里面吗？出来见我！”金箍仙王大吼，十分愤怒。
415604	拼音残留	一尊只能在梦中装b的无能神明。
415606	拼音残留	一名既是神明，又是教宗，又是信徒的苦b男主角。
418724	拼音残留	章节目录 第二百三十节：幽魂vs乐土
419170	拼音残留	章节目录 第二百三十二节：星宿vs巨阳
420356	拼音残留	章节目录 第二百三十八节：双尊vs方源
420560	英文残留	修改了前往上百处错字，修改了累积下来的三十多处bug。
420564	英文残留	今后有错别字，还有bug，直接微信、qq上留言给我好了！
422060	作者话候选	这一次的爆更到此为止，一共更新6章，偿还5章加更欠债。剩下的加更对象分别是logo设计大赛第一名，律梦寒冰，书友20181210224945184，天元之海，帅帅的佳奇，古月阴荒，玉心道者，清风闻仙醉明月唤梦回，大大大大狸子，这份荣耀因你而
422060	拼音残留	这一次的爆更到此为止，一共更新6章，偿还5章加更欠债。剩下的加更对象分别是logo设计大赛第一名，律梦寒冰，书友20181210224945184，天元之海，帅帅的佳奇，古月阴荒，玉心道者，清风闻仙醉明月唤梦回，大大大大狸子，这份荣耀因你而
422086	作者话候选	各位盟主过于热情，实在无能为力再遵循之前一盟一更的承诺(抱头哭)。因此调整政策，不再为新盟主加更（其实最开始的时候的盟主，也没有加更多，中途不知道为什么，就莫名其妙地被带节奏了）。
422090	英文残留	1盟主专属订作logo(我专门找设计师设计的哦)
422470	拼音残留	章节目录 第二百四十七节：楚度vs黑楼兰
428366	作者话候选	这两天《蛊真人》全渠道，感谢主编安逸大大，感谢责编游龙大大，感谢起点这个平台，最感谢诸位支持这本书的书友们、朋友们、兄弟姐妹们！
428370	拼音残留	一个是卖出ip版权，一个是全渠道推荐。
428438	英文残留	手机用户要看，直接下个腾讯动漫app。点，进去，搜蛊真人，点开，看！
432888	作者话候选	比如错字太多，这点我要郑重道歉。的确是我做的不够好。目前每隔一段时间，我都会将读者朋友们发现的错字给改回来。今后尽量做到多检查几遍，再上传发布。其实我有检查，只是我对文章太熟悉了，容易看快，老实说，检查其实蛮难的。第一次读，往往更能发现错字
